"2014-05-19T09:00:00.000+0100",3
"2014-05-19T09:30:00.000+0100",1
"2014-05-19T10:00:00.000+0100",14
"2014-05-19T10:30:00.000+0100",3
"2014-05-19T11:00:00.000+0100",31
"2014-05-19T11:30:00.000+0100",127
"2014-05-19T12:00:00.000+0100",480
"2014-05-19T12:30:00.000+0100",1121
"2014-05-19T13:00:00.000+0100",2240
"2014-05-19T13:30:00.000+0100",3044
"2014-05-19T14:00:00.000+0100",3560
"2014-05-19T14:30:00.000+0100",3622
"2014-05-19T15:00:00.000+0100",3579
"2014-05-19T15:30:00.000+0100",3500
"2014-05-19T16:00:00.000+0100",3314
"2014-05-19T16:30:00.000+0100",2998
"2014-05-19T17:00:00.000+0100",2596
"2014-05-19T17:30:00.000+0100",2550
"2014-05-19T18:00:00.000+0100",2677
"2014-05-19T18:30:00.000+0100",2967
"2014-05-19T19:00:00.000+0100",3186
"2014-05-19T19:30:00.000+0100",3096
"2014-05-19T20:00:00.000+0100",2826
"2014-05-19T20:30:00.000+0100",2826
"2014-05-19T21:00:00.000+0100",2741
"2014-05-19T21:30:00.000+0100",1805
"2014-05-19T22:00:00.000+0100",1083
"2014-05-19T22:30:00.000+0100",552
"2014-05-19T23:00:00.000+0100",415
"2014-05-19T23:30:00.000+0100",191
"2014-05-20T00:00:00.000+0100",148
"2014-05-20T00:30:00.000+0100",101
"2014-05-20T01:00:00.000+0100",117
"2014-05-20T01:30:00.000+0100",33
"2014-05-20T02:00:00.000+0100",28
"2014-05-20T02:30:00.000+0100",15
"2014-05-20T03:00:00.000+0100",7
"2014-05-20T03:30:00.000+0100",8
"2014-05-20T04:00:00.000+0100",20
"2014-05-20T04:30:00.000+0100",1
"2014-05-20T05:00:00.000+0100",5123
"2014-05-20T06:00:00.000+0100",2
"2014-05-20T06:30:00.000+0100",1
"2014-05-20T07:00:00.000+0100",5
"2014-05-20T07:30:00.000+0100",169
"2014-05-20T08:30:00.000+0100",122
"2014-05-20T09:00:00.000+0100",4
"2014-05-20T09:30:00.000+0100",5
"2014-05-20T10:00:00.000+0100",2
"2014-05-20T10:30:00.000+0100",39
"2014-05-20T11:00:00.000+0100",60
"2014-05-20T11:30:00.000+0100",126
"2014-05-20T12:00:00.000+0100",452
"2014-05-20T12:30:00.000+0100",1238
"2014-05-20T13:00:00.000+0100",2311
"2014-05-20T13:30:00.000+0100",2773
"2014-05-20T14:00:00.000+0100",3186
"2014-05-20T14:30:00.000+0100",3565
"2014-05-20T15:00:00.000+0100",3649
"2014-05-20T15:30:00.000+0100",3822
"2014-05-20T16:00:00.000+0100",3496
"2014-05-20T16:30:00.000+0100",3197
"2014-05-20T17:00:00.000+0100",2644
"2014-05-20T17:30:00.000+0100",2776
"2014-05-20T18:00:00.000+0100",2804
"2014-05-20T18:30:00.000+0100",3072
"2014-05-20T19:00:00.000+0100",3308
"2014-05-20T19:30:00.000+0100",3279
"2014-05-20T20:00:00.000+0100",3079
"2014-05-20T20:30:00.000+0100",3222
"2014-05-20T21:00:00.000+0100",2392
"2014-05-20T21:30:00.000+0100",1824
"2014-05-20T22:00:00.000+0100",1217
"2014-05-20T22:30:00.000+0100",524
"2014-05-20T23:00:00.000+0100",267
"2014-05-20T23:30:00.000+0100",209
"2014-05-21T00:00:00.000+0100",169
"2014-05-21T00:30:00.000+0100",35
"2014-05-21T01:00:00.000+0100",16
"2014-05-21T01:30:00.000+0100",32
"2014-05-21T02:00:00.000+0100",35
"2014-05-21T02:30:00.000+0100",37
"2014-05-21T03:00:00.000+0100",50
"2014-05-21T03:30:00.000+0100",2
"2014-05-21T04:00:00.000+0100",3
"2014-05-21T04:30:00.000+0100",4
"2014-05-21T05:00:00.000+0100",5762
"2014-05-21T05:30:00.000+0100",6
"2014-05-21T06:00:00.000+0100",1
"2014-05-21T07:00:00.000+0100",6
"2014-05-21T07:30:00.000+0100",29
"2014-05-21T08:30:00.000+0100",100
"2014-05-21T09:00:00.000+0100",1
"2014-05-21T09:30:00.000+0100",1
"2014-05-21T10:00:00.000+0100",12
"2014-05-21T10:30:00.000+0100",21
"2014-05-21T11:00:00.000+0100",43
"2014-05-21T11:30:00.000+0100",103
"2014-05-21T12:00:00.000+0100",556
"2014-05-21T12:30:00.000+0100",1197
"2014-05-21T13:00:00.000+0100",1989
"2014-05-21T13:30:00.000+0100",2746
"2014-05-21T14:00:00.000+0100",3323
"2014-05-21T14:30:00.000+0100",3342
"2014-05-21T15:00:00.000+0100",3508
"2014-05-21T15:30:00.000+0100",3732
"2014-05-21T16:00:00.000+0100",3149
"2014-05-21T16:30:00.000+0100",2728
"2014-05-21T17:00:00.000+0100",2578
"2014-05-21T17:30:00.000+0100",2669
"2014-05-21T18:00:00.000+0100",2468
"2014-05-21T18:30:00.000+0100",2984
"2014-05-21T19:00:00.000+0100",3216
"2014-05-21T19:30:00.000+0100",3091
"2014-05-21T20:00:00.000+0100",2863
"2014-05-21T20:30:00.000+0100",2843
"2014-05-21T21:00:00.000+0100",2561
"2014-05-21T21:30:00.000+0100",1710
"2014-05-21T22:00:00.000+0100",1105
"2014-05-21T22:30:00.000+0100",569
"2014-05-21T23:00:00.000+0100",338
"2014-05-21T23:30:00.000+0100",190
"2014-05-22T00:00:00.000+0100",146
"2014-05-22T00:30:00.000+0100",63
"2014-05-22T01:00:00.000+0100",41
"2014-05-22T01:30:00.000+0100",32
"2014-05-22T02:00:00.000+0100",45
"2014-05-22T02:30:00.000+0100",43
"2014-05-22T03:00:00.000+0100",15
"2014-05-22T03:30:00.000+0100",6
"2014-05-22T04:00:00.000+0100",4
"2014-05-22T04:30:00.000+0100",2
"2014-05-22T05:00:00.000+0100",5624
"2014-05-22T05:30:00.000+0100",1
"2014-05-22T06:00:00.000+0100",1
"2014-05-22T07:00:00.000+0100",3
"2014-05-22T07:30:00.000+0100",17
"2014-05-22T08:00:00.000+0100",1
"2014-05-22T08:30:00.000+0100",2
"2014-05-22T09:00:00.000+0100",2
"2014-05-22T09:30:00.000+0100",34
"2014-05-22T10:00:00.000+0100",38
"2014-05-22T10:30:00.000+0100",24
"2014-05-22T11:00:00.000+0100",33
"2014-05-22T11:30:00.000+0100",114
"2014-05-22T12:00:00.000+0100",450
"2014-05-22T12:30:00.000+0100",1295
"2014-05-22T13:00:00.000+0100",1915
"2014-05-22T13:30:00.000+0100",2525
"2014-05-22T14:00:00.000+0100",2941
"2014-05-22T14:30:00.000+0100",3169
"2014-05-22T15:00:00.000+0100",3498
"2014-05-22T15:30:00.000+0100",3306
"2014-05-22T16:00:00.000+0100",3325
"2014-05-22T16:30:00.000+0100",2758
"2014-05-22T17:00:00.000+0100",2356
"2014-05-22T17:30:00.000+0100",2423
"2014-05-22T18:00:00.000+0100",2459
"2014-05-22T18:30:00.000+0100",2708
"2014-05-22T19:00:00.000+0100",2924
"2014-05-22T19:30:00.000+0100",3030
"2014-05-22T20:00:00.000+0100",2930
"2014-05-22T20:30:00.000+0100",2805
"2014-05-22T21:00:00.000+0100",2313
"2014-05-22T21:30:00.000+0100",1661
"2014-05-22T22:00:00.000+0100",879
"2014-05-22T22:30:00.000+0100",387
"2014-05-22T23:00:00.000+0100",333
"2014-05-22T23:30:00.000+0100",171
"2014-05-23T00:00:00.000+0100",111
"2014-05-23T00:30:00.000+0100",32
"2014-05-23T01:00:00.000+0100",26
"2014-05-23T01:30:00.000+0100",18
"2014-05-23T02:00:00.000+0100",31
"2014-05-23T02:30:00.000+0100",6
"2014-05-23T03:00:00.000+0100",6
"2014-05-23T03:30:00.000+0100",1
"2014-05-23T04:30:00.000+0100",3
"2014-05-23T05:00:00.000+0100",5087
"2014-05-23T05:30:00.000+0100",6
"2014-05-23T06:30:00.000+0100",1
"2014-05-23T07:00:00.000+0100",1
"2014-05-23T07:30:00.000+0100",165
"2014-05-23T08:30:00.000+0100",4
"2014-05-23T09:00:00.000+0100",2
"2014-05-23T09:30:00.000+0100",8
"2014-05-23T10:30:00.000+0100",13
"2014-05-23T11:00:00.000+0100",45
"2014-05-23T11:30:00.000+0100",102
"2014-05-23T12:00:00.000+0100",380
"2014-05-23T12:30:00.000+0100",1114
"2014-05-23T13:00:00.000+0100",1940
"2014-05-23T13:30:00.000+0100",2488
"2014-05-23T14:00:00.000+0100",2765
"2014-05-23T14:30:00.000+0100",3120
"2014-05-23T15:00:00.000+0100",3090
"2014-05-23T15:30:00.000+0100",3132
"2014-05-23T16:00:00.000+0100",3029
"2014-05-23T16:30:00.000+0100",2516
"2014-05-23T17:00:00.000+0100",2130
"2014-05-23T17:30:00.000+0100",2104
"2014-05-23T18:00:00.000+0100",2059
"2014-05-23T18:30:00.000+0100",2396
"2014-05-23T19:00:00.000+0100",2439
"2014-05-23T19:30:00.000+0100",2452
"2014-05-23T20:00:00.000+0100",2311
"2014-05-23T20:30:00.000+0100",2183
"2014-05-23T21:00:00.000+0100",2011
"2014-05-23T21:30:00.000+0100",1168
"2014-05-23T22:00:00.000+0100",554
"2014-05-23T22:30:00.000+0100",220
"2014-05-23T23:00:00.000+0100",98
"2014-05-23T23:30:00.000+0100",36
"2014-05-24T00:00:00.000+0100",31
"2014-05-24T00:30:00.000+0100",38
"2014-05-24T01:00:00.000+0100",36
"2014-05-24T01:30:00.000+0100",28
"2014-05-24T02:00:00.000+0100",22
"2014-05-24T02:30:00.000+0100",7
"2014-05-24T03:00:00.000+0100",9
"2014-05-24T03:30:00.000+0100",6
"2014-05-24T04:00:00.000+0100",13
"2014-05-24T04:30:00.000+0100",2
"2014-05-24T05:00:00.000+0100",5242
"2014-05-24T06:00:00.000+0100",2
"2014-05-24T06:30:00.000+0100",1
"2014-05-24T07:00:00.000+0100",2
"2014-05-24T07:30:00.000+0100",147
"2014-05-24T08:00:00.000+0100",2
"2014-05-24T08:30:00.000+0100",104
"2014-05-24T09:30:00.000+0100",1
"2014-05-24T10:30:00.000+0100",2
"2014-05-24T11:00:00.000+0100",1
"2014-05-24T11:30:00.000+0100",4
"2014-05-24T12:00:00.000+0100",14
"2014-05-24T12:30:00.000+0100",52
"2014-05-24T13:00:00.000+0100",224
"2014-05-24T13:30:00.000+0100",196
"2014-05-24T14:00:00.000+0100",320
"2014-05-24T14:30:00.000+0100",356
"2014-05-24T15:00:00.000+0100",275
"2014-05-24T15:30:00.000+0100",196
"2014-05-24T16:00:00.000+0100",261
"2014-05-24T16:30:00.000+0100",142
"2014-05-24T17:00:00.000+0100",72
"2014-05-24T17:30:00.000+0100",36
"2014-05-24T18:00:00.000+0100",31
"2014-05-24T18:30:00.000+0100",86
"2014-05-24T19:00:00.000+0100",55
"2014-05-24T19:30:00.000+0100",68
"2014-05-24T20:00:00.000+0100",19
"2014-05-24T20:30:00.000+0100",44
"2014-05-24T21:00:00.000+0100",36
"2014-05-24T21:30:00.000+0100",18
"2014-05-24T22:00:00.000+0100",2
"2014-05-24T22:30:00.000+0100",11
"2014-05-24T23:00:00.000+0100",4
"2014-05-24T23:30:00.000+0100",5
"2014-05-25T00:00:00.000+0100",3
"2014-05-25T00:30:00.000+0100",23
"2014-05-25T01:00:00.000+0100",18
"2014-05-25T01:30:00.000+0100",17
"2014-05-25T02:00:00.000+0100",1
"2014-05-25T02:30:00.000+0100",2
"2014-05-25T03:00:00.000+0100",3
"2014-05-25T03:30:00.000+0100",3
"2014-05-25T04:00:00.000+0100",4
"2014-05-25T04:30:00.000+0100",2
"2014-05-25T07:30:00.000+0100",148
"2014-05-25T10:00:00.000+0100",1
"2014-05-25T10:30:00.000+0100",2
"2014-05-25T11:00:00.000+0100",12
"2014-05-25T11:30:00.000+0100",5
"2014-05-25T12:00:00.000+0100",14
"2014-05-25T13:00:00.000+0100",21
"2014-05-25T13:30:00.000+0100",11
"2014-05-25T14:00:00.000+0100",21
"2014-05-25T14:30:00.000+0100",12
"2014-05-25T15:00:00.000+0100",28
"2014-05-25T15:30:00.000+0100",29
"2014-05-25T16:00:00.000+0100",20
"2014-05-25T16:30:00.000+0100",15
"2014-05-25T17:00:00.000+0100",34
"2014-05-25T17:30:00.000+0100",13
"2014-05-25T18:00:00.000+0100",5
"2014-05-25T18:30:00.000+0100",21
"2014-05-25T19:00:00.000+0100",17
"2014-05-25T19:30:00.000+0100",24
"2014-05-25T20:00:00.000+0100",4
"2014-05-25T20:30:00.000+0100",4
"2014-05-25T21:00:00.000+0100",3
"2014-05-25T21:30:00.000+0100",6
"2014-05-25T22:00:00.000+0100",3
"2014-05-25T22:30:00.000+0100",19
"2014-05-25T23:00:00.000+0100",5
"2014-05-25T23:30:00.000+0100",11
"2014-05-26T00:00:00.000+0100",13
"2014-05-26T00:30:00.000+0100",4
"2014-05-26T01:00:00.000+0100",13
"2014-05-26T01:30:00.000+0100",14
"2014-05-26T02:00:00.000+0100",9
"2014-05-26T02:30:00.000+0100",5
"2014-05-26T03:00:00.000+0100",1
"2014-05-26T03:30:00.000+0100",9
"2014-05-26T04:00:00.000+0100",3
"2014-05-26T05:00:00.000+0100",6
"2014-05-26T05:30:00.000+0100",1
"2014-05-26T06:00:00.000+0100",2
"2014-05-26T07:30:00.000+0100",140
"2014-05-26T10:00:00.000+0100",1
"2014-05-26T10:30:00.000+0100",2
"2014-05-26T11:30:00.000+0100",3
"2014-05-26T12:00:00.000+0100",4
"2014-05-26T12:30:00.000+0100",7
"2014-05-26T13:00:00.000+0100",9
"2014-05-26T13:30:00.000+0100",23
"2014-05-26T14:00:00.000+0100",27
"2014-05-26T14:30:00.000+0100",19
"2014-05-26T15:00:00.000+0100",16
"2014-05-26T15:30:00.000+0100",11
"2014-05-26T16:00:00.000+0100",13
"2014-05-26T16:30:00.000+0100",4
"2014-05-26T17:00:00.000+0100",2
"2014-05-26T17:30:00.000+0100",8
"2014-05-26T18:00:00.000+0100",10
"2014-05-26T18:30:00.000+0100",3
"2014-05-26T19:00:00.000+0100",11
"2014-05-26T19:30:00.000+0100",10
"2014-05-26T20:00:00.000+0100",20
"2014-05-26T20:30:00.000+0100",23
"2014-05-26T21:00:00.000+0100",10
"2014-05-26T21:30:00.000+0100",5
"2014-05-26T22:00:00.000+0100",6
"2014-05-26T22:30:00.000+0100",3
"2014-05-26T23:00:00.000+0100",5
"2014-05-26T23:30:00.000+0100",4
"2014-05-27T00:00:00.000+0100",4
"2014-05-27T00:30:00.000+0100",2
"2014-05-27T01:00:00.000+0100",9
"2014-05-27T01:30:00.000+0100",13
"2014-05-27T02:00:00.000+0100",10
"2014-05-27T02:30:00.000+0100",2
"2014-05-27T03:00:00.000+0100",8
"2014-05-27T03:30:00.000+0100",11
"2014-05-27T04:00:00.000+0100",13
"2014-05-27T04:30:00.000+0100",29
"2014-05-27T05:00:00.000+0100",5343
"2014-05-27T07:00:00.000+0100",2
"2014-05-27T07:30:00.000+0100",132
"2014-05-27T08:30:00.000+0100",6
"2014-05-27T09:00:00.000+0100",16
"2014-05-27T09:30:00.000+0100",2
"2014-05-27T10:00:00.000+0100",3
"2014-05-27T10:30:00.000+0100",96
"2014-05-27T11:00:00.000+0100",80
"2014-05-27T11:30:00.000+0100",143
"2014-05-27T12:00:00.000+0100",512
"2014-05-27T12:30:00.000+0100",1216
"2014-05-27T13:00:00.000+0100",2253
"2014-05-27T13:30:00.000+0100",3065
"2014-05-27T14:00:00.000+0100",3522
"2014-05-27T14:30:00.000+0100",3662
"2014-05-27T15:00:00.000+0100",3848
"2014-05-27T15:30:00.000+0100",3853
"2014-05-27T16:00:00.000+0100",3465
"2014-05-27T16:30:00.000+0100",3167
"2014-05-27T17:00:00.000+0100",2802
"2014-05-27T17:30:00.000+0100",2650
"2014-05-27T18:00:00.000+0100",2760
"2014-05-27T18:30:00.000+0100",3208
"2014-05-27T19:00:00.000+0100",3129
"2014-05-27T19:30:00.000+0100",3187
"2014-05-27T20:00:00.000+0100",3113
"2014-05-27T20:30:00.000+0100",2910
"2014-05-27T21:00:00.000+0100",2689
"2014-05-27T21:30:00.000+0100",1990
"2014-05-27T22:00:00.000+0100",1117
"2014-05-27T22:30:00.000+0100",526
"2014-05-27T23:00:00.000+0100",370
"2014-05-27T23:30:00.000+0100",204
"2014-05-28T00:00:00.000+0100",86
"2014-05-28T00:30:00.000+0100",70
"2014-05-28T01:00:00.000+0100",27
"2014-05-28T01:30:00.000+0100",38
"2014-05-28T02:00:00.000+0100",27
"2014-05-28T02:30:00.000+0100",21
"2014-05-28T03:00:00.000+0100",9
"2014-05-28T03:30:00.000+0100",9
"2014-05-28T04:00:00.000+0100",3
"2014-05-28T04:30:00.000+0100",8
"2014-05-28T05:00:00.000+0100",205
"2014-05-28T05:30:00.000+0100",1
"2014-05-28T06:00:00.000+0100",1
"2014-05-28T06:30:00.000+0100",2
"2014-05-28T07:00:00.000+0100",1
"2014-05-28T07:30:00.000+0100",26
"2014-05-28T08:00:00.000+0100",28
"2014-05-28T08:30:00.000+0100",253
"2014-05-28T09:00:00.000+0100",3
"2014-05-28T09:30:00.000+0100",4
"2014-05-28T10:00:00.000+0100",58
"2014-05-28T10:30:00.000+0100",9
"2014-05-28T11:00:00.000+0100",40
"2014-05-28T11:30:00.000+0100",233
"2014-05-28T12:00:00.000+0100",534
"2014-05-28T12:30:00.000+0100",1012
"2014-05-28T13:00:00.000+0100",2014
"2014-05-28T13:30:00.000+0100",2762
"2014-05-28T14:00:00.000+0100",3116
"2014-05-28T14:30:00.000+0100",3514
"2014-05-28T15:00:00.000+0100",3524
"2014-05-28T15:30:00.000+0100",3494
"2014-05-28T16:00:00.000+0100",3474
"2014-05-28T16:30:00.000+0100",2990
"2014-05-28T17:00:00.000+0100",2434
"2014-05-28T17:30:00.000+0100",2719
"2014-05-28T18:00:00.000+0100",2739
"2014-05-28T18:30:00.000+0100",3150
"2014-05-28T19:00:00.000+0100",2997
"2014-05-28T19:30:00.000+0100",3109
"2014-05-28T20:00:00.000+0100",3069
"2014-05-28T20:30:00.000+0100",2936
"2014-05-28T21:00:00.000+0100",2516
"2014-05-28T21:30:00.000+0100",1935
"2014-05-28T22:00:00.000+0100",1062
"2014-05-28T22:30:00.000+0100",695
"2014-05-28T23:00:00.000+0100",295
"2014-05-28T23:30:00.000+0100",232
"2014-05-29T00:00:00.000+0100",130
"2014-05-29T00:30:00.000+0100",75
"2014-05-29T01:00:00.000+0100",63
"2014-05-29T01:30:00.000+0100",39
"2014-05-29T02:00:00.000+0100",24
"2014-05-29T02:30:00.000+0100",57
"2014-05-29T03:00:00.000+0100",21
"2014-05-29T03:30:00.000+0100",10
"2014-05-29T04:00:00.000+0100",3
"2014-05-29T04:30:00.000+0100",1
"2014-05-29T05:00:00.000+0100",6181
"2014-05-29T05:30:00.000+0100",3
"2014-05-29T06:30:00.000+0100",5
"2014-05-29T07:00:00.000+0100",19
"2014-05-29T07:30:00.000+0100",9
"2014-05-29T08:30:00.000+0100",93
"2014-05-29T09:30:00.000+0100",7
"2014-05-29T10:00:00.000+0100",9
"2014-05-29T10:30:00.000+0100",19
"2014-05-29T11:00:00.000+0100",44
"2014-05-29T11:30:00.000+0100",145
"2014-05-29T12:00:00.000+0100",419
"2014-05-29T12:30:00.000+0100",1006
"2014-05-29T13:00:00.000+0100",1972
"2014-05-29T13:30:00.000+0100",2473
"2014-05-29T14:00:00.000+0100",2997
"2014-05-29T14:30:00.000+0100",3349
"2014-05-29T15:00:00.000+0100",3378
"2014-05-29T15:30:00.000+0100",3440
"2014-05-29T16:00:00.000+0100",3478
"2014-05-29T16:30:00.000+0100",2983
"2014-05-29T17:00:00.000+0100",2356
"2014-05-29T17:30:00.000+0100",2541
"2014-05-29T18:00:00.000+0100",2522
"2014-05-29T18:30:00.000+0100",2775
"2014-05-29T19:00:00.000+0100",3011
"2014-05-29T19:30:00.000+0100",3082
"2014-05-29T20:00:00.000+0100",2976
"2014-05-29T20:30:00.000+0100",2965
"2014-05-29T21:00:00.000+0100",2537
"2014-05-29T21:30:00.000+0100",1603
"2014-05-29T22:00:00.000+0100",877
"2014-05-29T22:30:00.000+0100",431
"2014-05-29T23:00:00.000+0100",240
"2014-05-29T23:30:00.000+0100",198
"2014-05-30T00:00:00.000+0100",56
"2014-05-30T00:30:00.000+0100",30
"2014-05-30T01:00:00.000+0100",32
"2014-05-30T01:30:00.000+0100",16
"2014-05-30T02:00:00.000+0100",13
"2014-05-30T02:30:00.000+0100",16
"2014-05-30T03:00:00.000+0100",2
"2014-05-30T03:30:00.000+0100",1
"2014-05-30T04:00:00.000+0100",1
"2014-05-30T04:30:00.000+0100",1
"2014-05-30T05:00:00.000+0100",5661
"2014-05-30T05:30:00.000+0100",1
"2014-05-30T07:00:00.000+0100",7
"2014-05-30T07:30:00.000+0100",165
"2014-05-30T08:00:00.000+0100",20
"2014-05-30T08:30:00.000+0100",116
"2014-05-30T09:00:00.000+0100",4
"2014-05-30T09:30:00.000+0100",7
"2014-05-30T10:00:00.000+0100",4
"2014-05-30T10:30:00.000+0100",25
"2014-05-30T11:00:00.000+0100",50
"2014-05-30T11:30:00.000+0100",150
"2014-05-30T12:00:00.000+0100",443
"2014-05-30T12:30:00.000+0100",1087
"2014-05-30T13:00:00.000+0100",1769
"2014-05-30T13:30:00.000+0100",2581
"2014-05-30T14:00:00.000+0100",2935
"2014-05-30T14:30:00.000+0100",3171
"2014-05-30T15:00:00.000+0100",3251
"2014-05-30T15:30:00.000+0100",3249
"2014-05-30T16:00:00.000+0100",3065
"2014-05-30T16:30:00.000+0100",2678
"2014-05-30T17:00:00.000+0100",2375
"2014-05-30T17:30:00.000+0100",2259
"2014-05-30T18:00:00.000+0100",2235
"2014-05-30T18:30:00.000+0100",2530
"2014-05-30T19:00:00.000+0100",2599
"2014-05-30T19:30:00.000+0100",2597
"2014-05-30T20:00:00.000+0100",2697
"2014-05-30T20:30:00.000+0100",2273
"2014-05-30T21:00:00.000+0100",1925
"2014-05-30T21:30:00.000+0100",1296
"2014-05-30T22:00:00.000+0100",592
"2014-05-30T22:30:00.000+0100",267
"2014-05-30T23:00:00.000+0100",78
"2014-05-30T23:30:00.000+0100",69
"2014-05-31T00:00:00.000+0100",29
"2014-05-31T00:30:00.000+0100",40
"2014-05-31T01:00:00.000+0100",12
"2014-05-31T01:30:00.000+0100",18
"2014-05-31T02:00:00.000+0100",22
"2014-05-31T02:30:00.000+0100",11
"2014-05-31T03:00:00.000+0100",6
"2014-05-31T03:30:00.000+0100",4
"2014-05-31T04:00:00.000+0100",1
"2014-05-31T04:30:00.000+0100",11
"2014-05-31T05:00:00.000+0100",5180
"2014-05-31T05:30:00.000+0100",2
"2014-05-31T06:00:00.000+0100",4
"2014-05-31T07:00:00.000+0100",8
"2014-05-31T07:30:00.000+0100",197
"2014-05-31T08:30:00.000+0100",103
"2014-05-31T09:30:00.000+0100",2
"2014-05-31T11:00:00.000+0100",4
"2014-05-31T11:30:00.000+0100",10
"2014-05-31T12:00:00.000+0100",15
"2014-05-31T12:30:00.000+0100",88
"2014-05-31T13:00:00.000+0100",277
"2014-05-31T13:30:00.000+0100",249
"2014-05-31T14:00:00.000+0100",276
"2014-05-31T14:30:00.000+0100",244
"2014-05-31T15:00:00.000+0100",241
"2014-05-31T15:30:00.000+0100",182
"2014-05-31T16:00:00.000+0100",194
"2014-05-31T16:30:00.000+0100",153
"2014-05-31T17:00:00.000+0100",78
"2014-05-31T17:30:00.000+0100",51
"2014-05-31T18:00:00.000+0100",34
"2014-05-31T18:30:00.000+0100",27
"2014-05-31T19:00:00.000+0100",35
"2014-05-31T19:30:00.000+0100",49
"2014-05-31T20:00:00.000+0100",19
"2014-05-31T20:30:00.000+0100",11
"2014-05-31T21:00:00.000+0100",4
"2014-05-31T21:30:00.000+0100",9
"2014-05-31T22:00:00.000+0100",16
"2014-05-31T22:30:00.000+0100",3
"2014-05-31T23:00:00.000+0100",4
"2014-05-31T23:30:00.000+0100",9
"2014-06-01T00:00:00.000+0100",17
"2014-06-01T00:30:00.000+0100",15
"2014-06-01T01:00:00.000+0100",5
"2014-06-01T01:30:00.000+0100",18
"2014-06-01T02:00:00.000+0100",1
"2014-06-01T02:30:00.000+0100",8
"2014-06-01T03:00:00.000+0100",9
"2014-06-01T03:30:00.000+0100",2
"2014-06-01T04:00:00.000+0100",30
"2014-06-01T04:30:00.000+0100",1
"2014-06-01T05:00:00.000+0100",1
"2014-06-01T09:00:00.000+0100",191
"2014-06-01T11:00:00.000+0100",1
"2014-06-01T11:30:00.000+0100",11
"2014-06-01T12:00:00.000+0100",28
"2014-06-01T12:30:00.000+0100",18
"2014-06-01T13:00:00.000+0100",25
"2014-06-01T13:30:00.000+0100",21
"2014-06-01T14:00:00.000+0100",20
"2014-06-01T14:30:00.000+0100",89
"2014-06-01T15:00:00.000+0100",125
"2014-06-01T15:30:00.000+0100",107
"2014-06-01T16:00:00.000+0100",69
"2014-06-01T16:30:00.000+0100",40
"2014-06-01T17:00:00.000+0100",126
"2014-06-01T17:30:00.000+0100",112
"2014-06-01T18:00:00.000+0100",77
"2014-06-01T18:30:00.000+0100",63
"2014-06-01T19:00:00.000+0100",59
"2014-06-01T19:30:00.000+0100",20
"2014-06-01T20:00:00.000+0100",16
"2014-06-01T20:30:00.000+0100",32
"2014-06-01T21:00:00.000+0100",11
"2014-06-01T21:30:00.000+0100",19
"2014-06-01T22:00:00.000+0100",9
"2014-06-01T22:30:00.000+0100",2
"2014-06-01T23:00:00.000+0100",3
"2014-06-01T23:30:00.000+0100",3
"2014-06-02T00:00:00.000+0100",6
"2014-06-02T00:30:00.000+0100",30
"2014-06-02T01:00:00.000+0100",22
"2014-06-02T01:30:00.000+0100",10
"2014-06-02T02:00:00.000+0100",17
"2014-06-02T02:30:00.000+0100",2
"2014-06-02T03:00:00.000+0100",5
"2014-06-02T03:30:00.000+0100",8
"2014-06-02T04:00:00.000+0100",1
"2014-06-02T06:00:00.000+0100",6
"2014-06-02T07:30:00.000+0100",132
"2014-06-02T08:00:00.000+0100",13
"2014-06-02T09:00:00.000+0100",1
"2014-06-02T09:30:00.000+0100",1
"2014-06-02T10:00:00.000+0100",3
"2014-06-02T10:30:00.000+0100",8
"2014-06-02T11:00:00.000+0100",63
"2014-06-02T11:30:00.000+0100",158
"2014-06-02T12:00:00.000+0100",555
"2014-06-02T12:30:00.000+0100",1277
"2014-06-02T13:00:00.000+0100",2524
"2014-06-02T13:30:00.000+0100",3214
"2014-06-02T14:00:00.000+0100",3736
"2014-06-02T14:30:00.000+0100",4181
"2014-06-02T15:00:00.000+0100",4201
"2014-06-02T15:30:00.000+0100",4017
"2014-06-02T16:00:00.000+0100",3846
"2014-06-02T16:30:00.000+0100",3252
"2014-06-02T17:00:00.000+0100",2888
"2014-06-02T17:30:00.000+0100",2877
"2014-06-02T18:00:00.000+0100",2793
"2014-06-02T18:30:00.000+0100",2981
"2014-06-02T19:00:00.000+0100",3443
"2014-06-02T19:30:00.000+0100",3615
"2014-06-02T20:00:00.000+0100",3264
"2014-06-02T20:30:00.000+0100",3096
"2014-06-02T21:00:00.000+0100",2730
"2014-06-02T21:30:00.000+0100",2032
"2014-06-02T22:00:00.000+0100",1242
"2014-06-02T22:30:00.000+0100",673
"2014-06-02T23:00:00.000+0100",453
"2014-06-02T23:30:00.000+0100",287
"2014-06-03T00:00:00.000+0100",210
"2014-06-03T00:30:00.000+0100",46
"2014-06-03T01:00:00.000+0100",30
"2014-06-03T01:30:00.000+0100",13
"2014-06-03T02:00:00.000+0100",25
"2014-06-03T02:30:00.000+0100",10
"2014-06-03T03:00:00.000+0100",17
"2014-06-03T03:30:00.000+0100",6
"2014-06-03T04:00:00.000+0100",6
"2014-06-03T04:30:00.000+0100",2
"2014-06-03T05:00:00.000+0100",5993
"2014-06-03T05:30:00.000+0100",1
"2014-06-03T06:30:00.000+0100",1
"2014-06-03T07:00:00.000+0100",2
"2014-06-03T07:30:00.000+0100",131
"2014-06-03T08:00:00.000+0100",1
"2014-06-03T08:30:00.000+0100",137
"2014-06-03T09:00:00.000+0100",3
"2014-06-03T09:30:00.000+0100",1
"2014-06-03T10:00:00.000+0100",60
"2014-06-03T10:30:00.000+0100",8
"2014-06-03T11:00:00.000+0100",54
"2014-06-03T11:30:00.000+0100",152
"2014-06-03T12:00:00.000+0100",471
"2014-06-03T12:30:00.000+0100",1080
"2014-06-03T13:00:00.000+0100",2121
"2014-06-03T13:30:00.000+0100",2944
"2014-06-03T14:00:00.000+0100",3520
"2014-06-03T14:30:00.000+0100",3635
"2014-06-03T15:00:00.000+0100",3897
"2014-06-03T15:30:00.000+0100",3801
"2014-06-03T16:00:00.000+0100",3701
"2014-06-03T16:30:00.000+0100",3255
"2014-06-03T17:00:00.000+0100",2872
"2014-06-03T17:30:00.000+0100",2754
"2014-06-03T18:00:00.000+0100",2887
"2014-06-03T18:30:00.000+0100",3330
"2014-06-03T19:00:00.000+0100",3362
"2014-06-03T19:30:00.000+0100",3203
"2014-06-03T20:00:00.000+0100",3014
"2014-06-03T20:30:00.000+0100",3009
"2014-06-03T21:00:00.000+0100",2765
"2014-06-03T21:30:00.000+0100",1909
"2014-06-03T22:00:00.000+0100",1070
"2014-06-03T22:30:00.000+0100",538
"2014-06-03T23:00:00.000+0100",350
"2014-06-03T23:30:00.000+0100",260
"2014-06-04T00:00:00.000+0100",137
"2014-06-04T00:30:00.000+0100",57
"2014-06-04T01:00:00.000+0100",50
"2014-06-04T01:30:00.000+0100",24
"2014-06-04T02:00:00.000+0100",14
"2014-06-04T02:30:00.000+0100",38
"2014-06-04T03:00:00.000+0100",5
"2014-06-04T03:30:00.000+0100",2
"2014-06-04T04:00:00.000+0100",13
"2014-06-04T04:30:00.000+0100",5
"2014-06-04T05:00:00.000+0100",6023
"2014-06-04T06:00:00.000+0100",1
"2014-06-04T07:00:00.000+0100",34
"2014-06-04T07:30:00.000+0100",4
"2014-06-04T08:30:00.000+0100",130
"2014-06-04T09:30:00.000+0100",1
"2014-06-04T10:00:00.000+0100",34
"2014-06-04T10:30:00.000+0100",7
"2014-06-04T11:00:00.000+0100",57
"2014-06-04T11:30:00.000+0100",130
"2014-06-04T12:00:00.000+0100",509
"2014-06-04T12:30:00.000+0100",1226
"2014-06-04T13:00:00.000+0100",2066
"2014-06-04T13:30:00.000+0100",2694
"2014-06-04T14:00:00.000+0100",3171
"2014-06-04T14:30:00.000+0100",3459
"2014-06-04T15:00:00.000+0100",3398
"2014-06-04T15:30:00.000+0100",3444
"2014-06-04T16:00:00.000+0100",3486
"2014-06-04T16:30:00.000+0100",2990
"2014-06-04T17:00:00.000+0100",2713
"2014-06-04T17:30:00.000+0100",2466
"2014-06-04T18:00:00.000+0100",2495
"2014-06-04T18:30:00.000+0100",3012
"2014-06-04T19:00:00.000+0100",3280
"2014-06-04T19:30:00.000+0100",3225
"2014-06-04T20:00:00.000+0100",3082
"2014-06-04T20:30:00.000+0100",2882
"2014-06-04T21:00:00.000+0100",2730
"2014-06-04T21:30:00.000+0100",1876
"2014-06-04T22:00:00.000+0100",1101
"2014-06-04T22:30:00.000+0100",336
"2014-06-05T01:30:00.000+0100",1166
"2014-06-05T02:00:00.000+0100",19
"2014-06-05T02:30:00.000+0100",5
"2014-06-05T03:00:00.000+0100",20
"2014-06-05T03:30:00.000+0100",21
"2014-06-05T04:00:00.000+0100",10
"2014-06-05T04:30:00.000+0100",3
"2014-06-05T05:00:00.000+0100",5533
"2014-06-05T06:00:00.000+0100",6
"2014-06-05T07:00:00.000+0100",10
"2014-06-05T07:30:00.000+0100",13
"2014-06-05T08:00:00.000+0100",27
"2014-06-05T08:30:00.000+0100",95
"2014-06-05T09:00:00.000+0100",5
"2014-06-05T09:30:00.000+0100",2
"2014-06-05T10:00:00.000+0100",4
"2014-06-05T10:30:00.000+0100",6
"2014-06-05T11:00:00.000+0100",56
"2014-06-05T11:30:00.000+0100",125
"2014-06-05T12:00:00.000+0100",442
"2014-06-05T12:30:00.000+0100",1136
"2014-06-05T13:00:00.000+0100",1858
"2014-06-05T13:30:00.000+0100",2530
"2014-06-05T14:00:00.000+0100",3185
"2014-06-05T14:30:00.000+0100",3263
"2014-06-05T15:00:00.000+0100",3533
"2014-06-05T15:30:00.000+0100",3346
"2014-06-05T16:00:00.000+0100",3294
"2014-06-05T16:30:00.000+0100",3049
"2014-06-05T17:00:00.000+0100",2566
"2014-06-05T17:30:00.000+0100",2408
"2014-06-05T18:00:00.000+0100",2633
"2014-06-05T18:30:00.000+0100",2752
"2014-06-05T19:00:00.000+0100",3185
"2014-06-05T19:30:00.000+0100",3062
"2014-06-05T20:00:00.000+0100",2905
"2014-06-05T20:30:00.000+0100",2699
"2014-06-05T21:00:00.000+0100",2447
"2014-06-05T21:30:00.000+0100",1842
"2014-06-05T22:00:00.000+0100",953
"2014-06-05T22:30:00.000+0100",420
"2014-06-05T23:00:00.000+0100",216
"2014-06-05T23:30:00.000+0100",135
"2014-06-06T00:00:00.000+0100",61
"2014-06-06T00:30:00.000+0100",26
"2014-06-06T01:00:00.000+0100",31
"2014-06-06T01:30:00.000+0100",23
"2014-06-06T02:00:00.000+0100",22
"2014-06-06T02:30:00.000+0100",6
"2014-06-06T03:00:00.000+0100",3
"2014-06-06T03:30:00.000+0100",2
"2014-06-06T04:00:00.000+0100",1
"2014-06-06T04:30:00.000+0100",1
"2014-06-06T05:00:00.000+0100",5455
"2014-06-06T06:00:00.000+0100",2
"2014-06-06T06:30:00.000+0100",3
"2014-06-06T07:00:00.000+0100",36
"2014-06-06T07:30:00.000+0100",106
"2014-06-06T08:00:00.000+0100",1
"2014-06-06T08:30:00.000+0100",120
"2014-06-06T09:00:00.000+0100",3
"2014-06-06T10:00:00.000+0100",2
"2014-06-06T10:30:00.000+0100",6
"2014-06-06T11:00:00.000+0100",64
"2014-06-06T11:30:00.000+0100",116
"2014-06-06T12:00:00.000+0100",471
"2014-06-06T12:30:00.000+0100",1049
"2014-06-06T13:00:00.000+0100",1978
"2014-06-06T13:30:00.000+0100",2619
"2014-06-06T14:00:00.000+0100",2886
"2014-06-06T14:30:00.000+0100",3098
"2014-06-06T15:00:00.000+0100",3143
"2014-06-06T15:30:00.000+0100",3317
"2014-06-06T16:00:00.000+0100",2876
"2014-06-06T16:30:00.000+0100",2571
"2014-06-06T17:00:00.000+0100",2149
"2014-06-06T17:30:00.000+0100",2198
"2014-06-06T18:00:00.000+0100",2322
"2014-06-06T18:30:00.000+0100",2557
"2014-06-06T19:00:00.000+0100",2738
"2014-06-06T19:30:00.000+0100",2566
"2014-06-06T20:00:00.000+0100",2424
"2014-06-06T20:30:00.000+0100",2311
"2014-06-06T21:00:00.000+0100",1801
"2014-06-06T21:30:00.000+0100",1279
"2014-06-06T22:00:00.000+0100",485
"2014-06-06T22:30:00.000+0100",152
"2014-06-06T23:00:00.000+0100",88
"2014-06-06T23:30:00.000+0100",56
"2014-06-07T00:00:00.000+0100",100
"2014-06-07T00:30:00.000+0100",25
"2014-06-07T01:00:00.000+0100",32
"2014-06-07T01:30:00.000+0100",30
"2014-06-07T02:00:00.000+0100",33
"2014-06-07T02:30:00.000+0100",6
"2014-06-07T03:00:00.000+0100",4
"2014-06-07T03:30:00.000+0100",9
"2014-06-07T04:00:00.000+0100",3
"2014-06-07T04:30:00.000+0100",6
"2014-06-07T06:00:00.000+0100",5386
"2014-06-07T06:30:00.000+0100",1
"2014-06-07T07:00:00.000+0100",10
"2014-06-07T07:30:00.000+0100",184
"2014-06-07T08:00:00.000+0100",1198
"2014-06-07T08:30:00.000+0100",89
"2014-06-07T09:00:00.000+0100",5
"2014-06-07T09:30:00.000+0100",3
"2014-06-07T10:00:00.000+0100",2
"2014-06-07T10:30:00.000+0100",2
"2014-06-07T11:00:00.000+0100",10
"2014-06-07T11:30:00.000+0100",8
"2014-06-07T12:00:00.000+0100",24
"2014-06-07T12:30:00.000+0100",66
"2014-06-07T13:00:00.000+0100",299
"2014-06-07T13:30:00.000+0100",274
"2014-06-07T14:00:00.000+0100",281
"2014-06-07T14:30:00.000+0100",344
"2014-06-07T15:00:00.000+0100",313
"2014-06-07T15:30:00.000+0100",248
"2014-06-07T16:00:00.000+0100",257
"2014-06-07T16:30:00.000+0100",161
"2014-06-07T17:00:00.000+0100",112
"2014-06-07T17:30:00.000+0100",87
"2014-06-07T18:00:00.000+0100",27
"2014-06-07T18:30:00.000+0100",30
"2014-06-07T19:00:00.000+0100",43
"2014-06-07T19:30:00.000+0100",31
"2014-06-07T20:00:00.000+0100",48
"2014-06-07T20:30:00.000+0100",35
"2014-06-07T21:00:00.000+0100",45
"2014-06-07T21:30:00.000+0100",28
"2014-06-07T22:00:00.000+0100",31
"2014-06-07T22:30:00.000+0100",9
"2014-06-07T23:00:00.000+0100",13
"2014-06-07T23:30:00.000+0100",11
"2014-06-08T00:00:00.000+0100",7
"2014-06-08T00:30:00.000+0100",24
"2014-06-08T01:00:00.000+0100",34
"2014-06-08T01:30:00.000+0100",23
"2014-06-08T02:00:00.000+0100",17
"2014-06-08T02:30:00.000+0100",15
"2014-06-08T03:00:00.000+0100",12
"2014-06-08T03:30:00.000+0100",26
"2014-06-08T04:00:00.000+0100",3
"2014-06-08T04:30:00.000+0100",6
"2014-06-08T05:00:00.000+0100",8
"2014-06-08T05:30:00.000+0100",6
"2014-06-08T06:00:00.000+0100",8
"2014-06-08T06:30:00.000+0100",6
"2014-06-08T07:00:00.000+0100",3
"2014-06-08T07:30:00.000+0100",118
"2014-06-08T08:00:00.000+0100",6
"2014-06-08T08:30:00.000+0100",9
"2014-06-08T09:00:00.000+0100",9
"2014-06-08T09:30:00.000+0100",6
"2014-06-08T10:00:00.000+0100",1
"2014-06-08T10:30:00.000+0100",1
"2014-06-08T11:00:00.000+0100",5
"2014-06-08T11:30:00.000+0100",10
"2014-06-08T12:00:00.000+0100",10
"2014-06-08T12:30:00.000+0100",19
"2014-06-08T13:00:00.000+0100",30
"2014-06-08T13:30:00.000+0100",12
"2014-06-08T14:00:00.000+0100",29
"2014-06-08T14:30:00.000+0100",23
"2014-06-08T15:00:00.000+0100",29
"2014-06-08T15:30:00.000+0100",12
"2014-06-08T16:00:00.000+0100",17
"2014-06-08T16:30:00.000+0100",19
"2014-06-08T17:00:00.000+0100",18
"2014-06-08T17:30:00.000+0100",34
"2014-06-08T18:00:00.000+0100",31
"2014-06-08T18:30:00.000+0100",49
"2014-06-08T19:00:00.000+0100",35
"2014-06-08T19:30:00.000+0100",20
"2014-06-08T20:00:00.000+0100",25
"2014-06-08T20:30:00.000+0100",20
"2014-06-08T21:00:00.000+0100",18
"2014-06-08T21:30:00.000+0100",21
"2014-06-08T22:00:00.000+0100",35
"2014-06-08T22:30:00.000+0100",13
"2014-06-08T23:00:00.000+0100",21
"2014-06-08T23:30:00.000+0100",31
"2014-06-09T00:00:00.000+0100",34
"2014-06-09T00:30:00.000+0100",31
"2014-06-09T01:00:00.000+0100",12
"2014-06-09T01:30:00.000+0100",21
"2014-06-09T02:00:00.000+0100",22
"2014-06-09T02:30:00.000+0100",16
"2014-06-09T03:00:00.000+0100",16
"2014-06-09T03:30:00.000+0100",9
"2014-06-09T04:00:00.000+0100",6
"2014-06-09T04:30:00.000+0100",6
"2014-06-09T05:00:00.000+0100",6
"2014-06-09T05:30:00.000+0100",11
"2014-06-09T06:00:00.000+0100",4
"2014-06-09T06:30:00.000+0100",4
"2014-06-09T07:00:00.000+0100",7
"2014-06-09T07:30:00.000+0100",143
"2014-06-09T08:00:00.000+0100",9
"2014-06-09T08:30:00.000+0100",3
"2014-06-09T09:00:00.000+0100",4
"2014-06-09T09:30:00.000+0100",5
"2014-06-09T10:00:00.000+0100",4
"2014-06-09T10:30:00.000+0100",33
"2014-06-09T11:00:00.000+0100",102
"2014-06-09T11:30:00.000+0100",136
"2014-06-09T12:00:00.000+0100",467
"2014-06-09T12:30:00.000+0100",1204
"2014-06-09T13:00:00.000+0100",2237
"2014-06-09T13:30:00.000+0100",3039
"2014-06-09T14:00:00.000+0100",3319
"2014-06-09T14:30:00.000+0100",3807
"2014-06-09T15:00:00.000+0100",3651
"2014-06-09T15:30:00.000+0100",3507
"2014-06-09T16:00:00.000+0100",3537
"2014-06-09T16:30:00.000+0100",2946
"2014-06-09T17:00:00.000+0100",2652
"2014-06-09T17:30:00.000+0100",2681
"2014-06-09T18:00:00.000+0100",2845
"2014-06-09T18:30:00.000+0100",3168
"2014-06-09T19:00:00.000+0100",3346
"2014-06-09T19:30:00.000+0100",3238
"2014-06-09T20:00:00.000+0100",3209
"2014-06-09T20:30:00.000+0100",3082
"2014-06-09T21:00:00.000+0100",2698
"2014-06-09T21:30:00.000+0100",1850
"2014-06-09T22:00:00.000+0100",1095
"2014-06-09T22:30:00.000+0100",560
"2014-06-09T23:00:00.000+0100",366
"2014-06-09T23:30:00.000+0100",236
"2014-06-10T00:00:00.000+0100",123
"2014-06-10T00:30:00.000+0100",96
"2014-06-10T01:00:00.000+0100",42
"2014-06-10T01:30:00.000+0100",47
"2014-06-10T02:00:00.000+0100",31
"2014-06-10T02:30:00.000+0100",13
"2014-06-10T03:00:00.000+0100",10
"2014-06-10T03:30:00.000+0100",6
"2014-06-10T04:00:00.000+0100",7
"2014-06-10T04:30:00.000+0100",3
"2014-06-10T05:00:00.000+0100",5550
"2014-06-10T05:30:00.000+0100",11
"2014-06-10T06:00:00.000+0100",7
"2014-06-10T07:00:00.000+0100",2
"2014-06-10T07:30:00.000+0100",153
"2014-06-10T08:00:00.000+0100",4
"2014-06-10T08:30:00.000+0100",104
"2014-06-10T09:00:00.000+0100",14
"2014-06-10T09:30:00.000+0100",14
"2014-06-10T10:00:00.000+0100",15
"2014-06-10T10:30:00.000+0100",39
"2014-06-10T11:00:00.000+0100",61
"2014-06-10T11:30:00.000+0100",124
"2014-06-10T12:00:00.000+0100",429
"2014-06-10T12:30:00.000+0100",1061
"2014-06-10T13:00:00.000+0100",2249
"2014-06-10T13:30:00.000+0100",2784
"2014-06-10T14:00:00.000+0100",3243
"2014-06-10T14:30:00.000+0100",3442
"2014-06-10T15:00:00.000+0100",3604
"2014-06-10T15:30:00.000+0100",3636
"2014-06-10T16:00:00.000+0100",3727
"2014-06-10T16:30:00.000+0100",3203
"2014-06-10T17:00:00.000+0100",2566
"2014-06-10T17:30:00.000+0100",2538
"2014-06-10T18:00:00.000+0100",2840
"2014-06-10T18:30:00.000+0100",3276
"2014-06-10T19:00:00.000+0100",3061
"2014-06-10T19:30:00.000+0100",3076
"2014-06-10T20:00:00.000+0100",2897
"2014-06-10T20:30:00.000+0100",2766
"2014-06-10T21:00:00.000+0100",2656
"2014-06-10T21:30:00.000+0100",2088
"2014-06-10T22:00:00.000+0100",1045
"2014-06-10T22:30:00.000+0100",554
"2014-06-10T23:00:00.000+0100",251
"2014-06-10T23:30:00.000+0100",166
"2014-06-11T00:00:00.000+0100",88
"2014-06-11T00:30:00.000+0100",73
"2014-06-11T01:00:00.000+0100",49
"2014-06-11T01:30:00.000+0100",47
"2014-06-11T02:00:00.000+0100",20
"2014-06-11T02:30:00.000+0100",21
"2014-06-11T03:00:00.000+0100",10
"2014-06-11T03:30:00.000+0100",13
"2014-06-11T04:00:00.000+0100",8
"2014-06-11T04:30:00.000+0100",12
"2014-06-11T05:00:00.000+0100",5931
"2014-06-11T05:30:00.000+0100",4
"2014-06-11T06:00:00.000+0100",12
"2014-06-11T06:30:00.000+0100",5
"2014-06-11T07:00:00.000+0100",5
"2014-06-11T07:30:00.000+0100",44
"2014-06-11T08:00:00.000+0100",2
"2014-06-11T08:30:00.000+0100",106
"2014-06-11T09:00:00.000+0100",5
"2014-06-11T09:30:00.000+0100",6
"2014-06-11T10:00:00.000+0100",9
"2014-06-11T10:30:00.000+0100",19
"2014-06-11T11:00:00.000+0100",44
"2014-06-11T11:30:00.000+0100",160
"2014-06-11T12:00:00.000+0100",480
"2014-06-11T12:30:00.000+0100",1035
"2014-06-11T13:00:00.000+0100",1953
"2014-06-11T13:30:00.000+0100",2424
"2014-06-11T14:00:00.000+0100",2896
"2014-06-11T14:30:00.000+0100",3231
"2014-06-11T15:00:00.000+0100",3347
"2014-06-11T15:30:00.000+0100",3540
"2014-06-11T16:00:00.000+0100",3147
"2014-06-11T16:30:00.000+0100",2705
"2014-06-11T17:00:00.000+0100",2394
"2014-06-11T17:30:00.000+0100",2454
"2014-06-11T18:00:00.000+0100",2589
"2014-06-11T18:30:00.000+0100",3094
"2014-06-11T19:00:00.000+0100",3168
"2014-06-11T19:30:00.000+0100",3269
"2014-06-11T20:00:00.000+0100",3023
"2014-06-11T20:30:00.000+0100",2826
"2014-06-11T21:00:00.000+0100",2599
"2014-06-11T21:30:00.000+0100",1887
"2014-06-11T22:00:00.000+0100",1107
"2014-06-11T22:30:00.000+0100",565
"2014-06-11T23:00:00.000+0100",343
"2014-06-11T23:30:00.000+0100",195
"2014-06-12T00:00:00.000+0100",85
"2014-06-12T00:30:00.000+0100",81
"2014-06-12T01:00:00.000+0100",40
"2014-06-12T01:30:00.000+0100",38
"2014-06-12T02:00:00.000+0100",25
"2014-06-12T02:30:00.000+0100",19
"2014-06-12T03:00:00.000+0100",14
"2014-06-12T03:30:00.000+0100",15
"2014-06-12T04:00:00.000+0100",20
"2014-06-12T04:30:00.000+0100",15
"2014-06-12T05:00:00.000+0100",5587
"2014-06-12T05:30:00.000+0100",8
"2014-06-12T06:00:00.000+0100",2
"2014-06-12T06:30:00.000+0100",15
"2014-06-12T07:00:00.000+0100",13
"2014-06-12T07:30:00.000+0100",18
"2014-06-12T08:00:00.000+0100",4
"2014-06-12T08:30:00.000+0100",84
"2014-06-12T09:00:00.000+0100",19
"2014-06-12T09:30:00.000+0100",15
"2014-06-12T10:00:00.000+0100",5
"2014-06-12T10:30:00.000+0100",49
"2014-06-12T11:00:00.000+0100",24
"2014-06-12T11:30:00.000+0100",135
"2014-06-12T12:00:00.000+0100",454
"2014-06-12T12:30:00.000+0100",1026
"2014-06-12T13:00:00.000+0100",1981
"2014-06-12T13:30:00.000+0100",2460
"2014-06-12T14:00:00.000+0100",2760
"2014-06-12T14:30:00.000+0100",3239
"2014-06-12T15:00:00.000+0100",3324
"2014-06-12T15:30:00.000+0100",3421
"2014-06-12T16:00:00.000+0100",3276
"2014-06-12T16:30:00.000+0100",2645
"2014-06-12T17:00:00.000+0100",2374
"2014-06-12T17:30:00.000+0100",2406
"2014-06-12T18:00:00.000+0100",2519
"2014-06-12T18:30:00.000+0100",2950
"2014-06-12T19:00:00.000+0100",3003
"2014-06-12T19:30:00.000+0100",2929
"2014-06-12T20:00:00.000+0100",2722
"2014-06-12T20:30:00.000+0100",2597
"2014-06-12T21:00:00.000+0100",2296
"2014-06-12T21:30:00.000+0100",1841
"2014-06-12T22:00:00.000+0100",796
"2014-06-12T22:30:00.000+0100",472
"2014-06-12T23:00:00.000+0100",313
"2014-06-12T23:30:00.000+0100",181
"2014-06-13T00:00:00.000+0100",82
"2014-06-13T00:30:00.000+0100",50
"2014-06-13T01:00:00.000+0100",39
"2014-06-13T01:30:00.000+0100",26
"2014-06-13T02:00:00.000+0100",65
"2014-06-13T02:30:00.000+0100",38
"2014-06-13T03:00:00.000+0100",70
"2014-06-13T03:30:00.000+0100",66
"2014-06-13T04:00:00.000+0100",28
"2014-06-13T04:30:00.000+0100",121
"2014-06-13T05:00:00.000+0100",5128
"2014-06-13T05:30:00.000+0100",2
"2014-06-13T06:00:00.000+0100",7
"2014-06-13T06:30:00.000+0100",7
"2014-06-13T07:00:00.000+0100",18
"2014-06-13T07:30:00.000+0100",115
"2014-06-13T08:00:00.000+0100",9
"2014-06-13T08:30:00.000+0100",108
"2014-06-13T09:00:00.000+0100",7
"2014-06-13T09:30:00.000+0100",3
"2014-06-13T10:00:00.000+0100",3
"2014-06-13T10:30:00.000+0100",34
"2014-06-13T11:00:00.000+0100",30
"2014-06-13T11:30:00.000+0100",151
"2014-06-13T12:00:00.000+0100",443
"2014-06-13T12:30:00.000+0100",918
"2014-06-13T13:00:00.000+0100",1765
"2014-06-13T13:30:00.000+0100",2233
"2014-06-13T14:00:00.000+0100",2642
"2014-06-13T14:30:00.000+0100",2919
"2014-06-13T15:00:00.000+0100",3071
"2014-06-13T15:30:00.000+0100",2943
"2014-06-13T16:00:00.000+0100",2744
"2014-06-13T16:30:00.000+0100",2444
"2014-06-13T17:00:00.000+0100",2167
"2014-06-13T17:30:00.000+0100",1878
"2014-06-13T18:00:00.000+0100",2026
"2014-06-13T18:30:00.000+0100",2283
"2014-06-13T19:00:00.000+0100",2464
"2014-06-13T19:30:00.000+0100",2629
"2014-06-13T20:00:00.000+0100",2470
"2014-06-13T20:30:00.000+0100",2315
"2014-06-13T21:00:00.000+0100",1948
"2014-06-13T21:30:00.000+0100",1267
"2014-06-13T22:00:00.000+0100",539
"2014-06-13T22:30:00.000+0100",352
"2014-06-13T23:00:00.000+0100",145
"2014-06-13T23:30:00.000+0100",46
"2014-06-14T00:00:00.000+0100",21
"2014-06-14T00:30:00.000+0100",44
"2014-06-14T01:00:00.000+0100",17
"2014-06-14T01:30:00.000+0100",29
"2014-06-14T02:00:00.000+0100",16
"2014-06-14T02:30:00.000+0100",15
"2014-06-14T03:00:00.000+0100",26
"2014-06-14T03:30:00.000+0100",4
"2014-06-14T04:00:00.000+0100",7
"2014-06-14T04:30:00.000+0100",9
"2014-06-14T05:00:00.000+0100",5274
"2014-06-14T05:30:00.000+0100",4
"2014-06-14T06:00:00.000+0100",3
"2014-06-14T06:30:00.000+0100",7
"2014-06-14T07:00:00.000+0100",158
"2014-06-14T07:30:00.000+0100",24
"2014-06-14T08:00:00.000+0100",1
"2014-06-14T08:30:00.000+0100",101
"2014-06-14T09:00:00.000+0100",2
"2014-06-14T09:30:00.000+0100",5
"2014-06-14T10:00:00.000+0100",4
"2014-06-14T10:30:00.000+0100",6
"2014-06-14T11:00:00.000+0100",9
"2014-06-14T11:30:00.000+0100",11
"2014-06-14T12:00:00.000+0100",27
"2014-06-14T12:30:00.000+0100",67
"2014-06-14T13:00:00.000+0100",268
"2014-06-14T13:30:00.000+0100",230
"2014-06-14T14:00:00.000+0100",256
"2014-06-14T14:30:00.000+0100",235
"2014-06-14T15:00:00.000+0100",267
"2014-06-14T15:30:00.000+0100",228
"2014-06-14T16:00:00.000+0100",219
"2014-06-14T16:30:00.000+0100",174
"2014-06-14T17:00:00.000+0100",96
"2014-06-14T17:30:00.000+0100",68
"2014-06-14T18:00:00.000+0100",36
"2014-06-14T18:30:00.000+0100",25
"2014-06-14T19:00:00.000+0100",25
"2014-06-14T19:30:00.000+0100",25
"2014-06-14T20:00:00.000+0100",49
"2014-06-14T20:30:00.000+0100",19
"2014-06-14T21:00:00.000+0100",56
"2014-06-14T21:30:00.000+0100",36
"2014-06-14T22:00:00.000+0100",32
"2014-06-14T22:30:00.000+0100",15
"2014-06-14T23:00:00.000+0100",18
"2014-06-14T23:30:00.000+0100",10
"2014-06-15T00:00:00.000+0100",15
"2014-06-15T00:30:00.000+0100",14
"2014-06-15T01:00:00.000+0100",23
"2014-06-15T01:30:00.000+0100",13
"2014-06-15T02:00:00.000+0100",14
"2014-06-15T02:30:00.000+0100",8
"2014-06-15T03:00:00.000+0100",5
"2014-06-15T03:30:00.000+0100",5
"2014-06-15T04:30:00.000+0100",1
"2014-06-15T05:00:00.000+0100",1
"2014-06-15T05:30:00.000+0100",10
"2014-06-15T06:30:00.000+0100",3
"2014-06-15T07:00:00.000+0100",168
"2014-06-15T07:30:00.000+0100",7
"2014-06-15T08:30:00.000+0100",5
"2014-06-15T09:00:00.000+0100",10
"2014-06-15T09:30:00.000+0100",4
"2014-06-15T10:30:00.000+0100",2
"2014-06-15T11:00:00.000+0100",2
"2014-06-15T11:30:00.000+0100",13
"2014-06-15T12:00:00.000+0100",13
"2014-06-15T12:30:00.000+0100",16
"2014-06-15T13:00:00.000+0100",12
"2014-06-15T13:30:00.000+0100",16
"2014-06-15T14:00:00.000+0100",21
"2014-06-15T14:30:00.000+0100",16
"2014-06-15T15:00:00.000+0100",37
"2014-06-15T15:30:00.000+0100",26
"2014-06-15T16:00:00.000+0100",44
"2014-06-15T16:30:00.000+0100",28
"2014-06-15T17:00:00.000+0100",23
"2014-06-15T17:30:00.000+0100",39
"2014-06-15T18:00:00.000+0100",13
"2014-06-15T18:30:00.000+0100",6
"2014-06-15T19:00:00.000+0100",17
"2014-06-15T19:30:00.000+0100",22
"2014-06-15T20:00:00.000+0100",11
"2014-06-15T20:30:00.000+0100",15
"2014-06-15T21:00:00.000+0100",17
"2014-06-15T21:30:00.000+0100",19
"2014-06-15T22:00:00.000+0100",18
"2014-06-15T22:30:00.000+0100",9
"2014-06-15T23:00:00.000+0100",6
"2014-06-15T23:30:00.000+0100",9
"2014-06-16T00:00:00.000+0100",6
"2014-06-16T00:30:00.000+0100",24
"2014-06-16T01:00:00.000+0100",23
"2014-06-16T01:30:00.000+0100",14
"2014-06-16T02:00:00.000+0100",5
"2014-06-16T02:30:00.000+0100",4
"2014-06-16T03:00:00.000+0100",5
"2014-06-16T03:30:00.000+0100",4
"2014-06-16T04:00:00.000+0100",5
"2014-06-16T04:30:00.000+0100",5
"2014-06-16T05:30:00.000+0100",7
"2014-06-16T06:00:00.000+0100",4
"2014-06-16T06:30:00.000+0100",1
"2014-06-16T07:00:00.000+0100",130
"2014-06-16T07:30:00.000+0100",2
"2014-06-16T08:00:00.000+0100",2
"2014-06-16T08:30:00.000+0100",5
"2014-06-16T09:00:00.000+0100",7
"2014-06-16T09:30:00.000+0100",7
"2014-06-16T10:00:00.000+0100",9
"2014-06-16T10:30:00.000+0100",7
"2014-06-16T11:00:00.000+0100",47
"2014-06-16T11:30:00.000+0100",179
"2014-06-16T12:00:00.000+0100",513
"2014-06-16T12:30:00.000+0100",1328
"2014-06-16T13:00:00.000+0100",2241
"2014-06-16T13:30:00.000+0100",2852
"2014-06-16T14:00:00.000+0100",3450
"2014-06-16T14:30:00.000+0100",3635
"2014-06-16T15:00:00.000+0100",3612
"2014-06-16T15:30:00.000+0100",3588
"2014-06-16T16:00:00.000+0100",3324
"2014-06-16T16:30:00.000+0100",3005
"2014-06-16T17:00:00.000+0100",2573
"2014-06-16T17:30:00.000+0100",2577
"2014-06-16T18:00:00.000+0100",2817
"2014-06-16T18:30:00.000+0100",3096
"2014-06-16T19:00:00.000+0100",3403
"2014-06-16T19:30:00.000+0100",3181
"2014-06-16T20:00:00.000+0100",3044
"2014-06-16T20:30:00.000+0100",2869
"2014-06-16T21:00:00.000+0100",2740
"2014-06-16T21:30:00.000+0100",1801
"2014-06-16T22:00:00.000+0100",1103
"2014-06-16T22:30:00.000+0100",632
"2014-06-16T23:00:00.000+0100",322
"2014-06-16T23:30:00.000+0100",301
"2014-06-17T00:00:00.000+0100",153
"2014-06-17T00:30:00.000+0100",53
"2014-06-17T01:00:00.000+0100",58
"2014-06-17T01:30:00.000+0100",49
"2014-06-17T02:00:00.000+0100",41
"2014-06-17T02:30:00.000+0100",21
"2014-06-17T03:00:00.000+0100",18
"2014-06-17T03:30:00.000+0100",15
"2014-06-17T04:00:00.000+0100",12
"2014-06-17T04:30:00.000+0100",11
"2014-06-17T05:00:00.000+0100",5236
"2014-06-17T05:30:00.000+0100",4
"2014-06-17T06:00:00.000+0100",13
"2014-06-17T06:30:00.000+0100",18
"2014-06-17T07:00:00.000+0100",128
"2014-06-17T07:30:00.000+0100",16
"2014-06-17T08:00:00.000+0100",7
"2014-06-17T08:30:00.000+0100",120
"2014-06-17T09:00:00.000+0100",8
"2014-06-17T09:30:00.000+0100",3
"2014-06-17T10:00:00.000+0100",30
"2014-06-17T10:30:00.000+0100",7
"2014-06-17T11:00:00.000+0100",27
"2014-06-17T11:30:00.000+0100",217
"2014-06-17T12:00:00.000+0100",595
"2014-06-17T12:30:00.000+0100",1164
"2014-06-17T13:00:00.000+0100",2063
"2014-06-17T13:30:00.000+0100",2907
"2014-06-17T14:00:00.000+0100",3270
"2014-06-17T14:30:00.000+0100",3576
"2014-06-17T15:00:00.000+0100",3411
"2014-06-17T15:30:00.000+0100",3490
"2014-06-17T16:00:00.000+0100",3390
"2014-06-17T16:30:00.000+0100",3043
"2014-06-17T17:00:00.000+0100",2564
"2014-06-17T17:30:00.000+0100",2490
"2014-06-17T18:00:00.000+0100",2673
"2014-06-17T18:30:00.000+0100",3190
"2014-06-17T19:00:00.000+0100",2964
"2014-06-17T19:30:00.000+0100",3061
"2014-06-17T20:00:00.000+0100",2978
"2014-06-17T20:30:00.000+0100",2846
"2014-06-17T21:00:00.000+0100",2555
"2014-06-17T21:30:00.000+0100",1862
"2014-06-17T22:00:00.000+0100",917
"2014-06-17T22:30:00.000+0100",549
"2014-06-17T23:00:00.000+0100",292
"2014-06-17T23:30:00.000+0100",159
"2014-06-18T00:00:00.000+0100",94
"2014-06-18T00:30:00.000+0100",38
"2014-06-18T01:00:00.000+0100",26
"2014-06-18T01:30:00.000+0100",38
"2014-06-18T02:00:00.000+0100",31
"2014-06-18T02:30:00.000+0100",25
"2014-06-18T03:00:00.000+0100",10
"2014-06-18T03:30:00.000+0100",16
"2014-06-18T04:00:00.000+0100",8
"2014-06-18T04:30:00.000+0100",6
"2014-06-18T05:00:00.000+0100",5868
"2014-06-18T05:30:00.000+0100",6
"2014-06-18T06:00:00.000+0100",4
"2014-06-18T06:30:00.000+0100",8
"2014-06-18T07:00:00.000+0100",29
"2014-06-18T07:30:00.000+0100",64
"2014-06-18T08:00:00.000+0100",5
"2014-06-18T08:30:00.000+0100",117
"2014-06-18T09:00:00.000+0100",3
"2014-06-18T09:30:00.000+0100",5
"2014-06-18T10:00:00.000+0100",7
"2014-06-18T10:30:00.000+0100",22
"2014-06-18T11:00:00.000+0100",80
"2014-06-18T11:30:00.000+0100",134
"2014-06-18T12:00:00.000+0100",357
"2014-06-18T12:30:00.000+0100",974
"2014-06-18T13:00:00.000+0100",1713
"2014-06-18T13:30:00.000+0100",2391
"2014-06-18T14:00:00.000+0100",2893
"2014-06-18T14:30:00.000+0100",2931
"2014-06-18T15:00:00.000+0100",3045
"2014-06-18T15:30:00.000+0100",3309
"2014-06-18T16:00:00.000+0100",3225
"2014-06-18T16:30:00.000+0100",2577
"2014-06-18T17:00:00.000+0100",2341
"2014-06-18T17:30:00.000+0100",2408
"2014-06-18T18:00:00.000+0100",2425
"2014-06-18T18:30:00.000+0100",2871
"2014-06-18T19:00:00.000+0100",3021
"2014-06-18T19:30:00.000+0100",2931
"2014-06-18T20:00:00.000+0100",3083
"2014-06-18T20:30:00.000+0100",2767
"2014-06-18T21:00:00.000+0100",2539
"2014-06-18T21:30:00.000+0100",1683
"2014-06-18T22:00:00.000+0100",1041
"2014-06-18T22:30:00.000+0100",504
"2014-06-18T23:00:00.000+0100",325
"2014-06-18T23:30:00.000+0100",288
"2014-06-19T00:00:00.000+0100",132
"2014-06-19T00:30:00.000+0100",68
"2014-06-19T01:00:00.000+0100",52
"2014-06-19T01:30:00.000+0100",29
"2014-06-19T02:00:00.000+0100",31
"2014-06-19T02:30:00.000+0100",21
"2014-06-19T03:00:00.000+0100",20
"2014-06-19T03:30:00.000+0100",8
"2014-06-19T04:00:00.000+0100",5
"2014-06-19T04:30:00.000+0100",15
"2014-06-19T05:00:00.000+0100",5700
"2014-06-19T05:30:00.000+0100",10
"2014-06-19T06:00:00.000+0100",22
"2014-06-19T06:30:00.000+0100",2
"2014-06-19T07:00:00.000+0100",13
"2014-06-19T07:30:00.000+0100",27
"2014-06-19T08:00:00.000+0100",7
"2014-06-19T08:30:00.000+0100",94
"2014-06-19T09:00:00.000+0100",14
"2014-06-19T10:00:00.000+0100",4
"2014-06-19T10:30:00.000+0100",68
"2014-06-19T11:00:00.000+0100",76
"2014-06-19T11:30:00.000+0100",160
"2014-06-19T12:00:00.000+0100",483
"2014-06-19T12:30:00.000+0100",1021
"2014-06-19T13:00:00.000+0100",1832
"2014-06-19T13:30:00.000+0100",2399
"2014-06-19T14:00:00.000+0100",3068
"2014-06-19T14:30:00.000+0100",3508
"2014-06-19T15:00:00.000+0100",3330
"2014-06-19T15:30:00.000+0100",3536
"2014-06-19T16:00:00.000+0100",3373
"2014-06-19T16:30:00.000+0100",2841
"2014-06-19T17:00:00.000+0100",2380
"2014-06-19T17:30:00.000+0100",2376
"2014-06-19T18:00:00.000+0100",2519
"2014-06-19T18:30:00.000+0100",2993
"2014-06-19T19:00:00.000+0100",3139
"2014-06-19T19:30:00.000+0100",3085
"2014-06-19T20:00:00.000+0100",2839
"2014-06-19T20:30:00.000+0100",2841
"2014-06-19T21:00:00.000+0100",2363
"2014-06-19T21:30:00.000+0100",1695
"2014-06-19T22:00:00.000+0100",800
"2014-06-19T22:30:00.000+0100",495
"2014-06-19T23:00:00.000+0100",268
"2014-06-19T23:30:00.000+0100",123
"2014-06-20T00:00:00.000+0100",53
"2014-06-20T00:30:00.000+0100",67
"2014-06-20T01:00:00.000+0100",40
"2014-06-20T01:30:00.000+0100",43
"2014-06-20T02:00:00.000+0100",40
"2014-06-20T02:30:00.000+0100",21
"2014-06-20T03:00:00.000+0100",20
"2014-06-20T03:30:00.000+0100",3
"2014-06-20T04:00:00.000+0100",2
"2014-06-20T04:30:00.000+0100",12
"2014-06-20T05:00:00.000+0100",5009
"2014-06-20T05:30:00.000+0100",2
"2014-06-20T06:00:00.000+0100",8
"2014-06-20T06:30:00.000+0100",4
"2014-06-20T07:00:00.000+0100",126
"2014-06-20T07:30:00.000+0100",14
"2014-06-20T08:00:00.000+0100",13
"2014-06-20T08:30:00.000+0100",103
"2014-06-20T09:00:00.000+0100",4
"2014-06-20T09:30:00.000+0100",1
"2014-06-20T10:00:00.000+0100",24
"2014-06-20T10:30:00.000+0100",55
"2014-06-20T11:00:00.000+0100",34
"2014-06-20T11:30:00.000+0100",124
"2014-06-20T12:00:00.000+0100",462
"2014-06-20T12:30:00.000+0100",1067
"2014-06-20T13:00:00.000+0100",1652
"2014-06-20T13:30:00.000+0100",2177
"2014-06-20T14:00:00.000+0100",2569
"2014-06-20T14:30:00.000+0100",3070
"2014-06-20T15:00:00.000+0100",2979
"2014-06-20T15:30:00.000+0100",2733
"2014-06-20T16:00:00.000+0100",2770
"2014-06-20T16:30:00.000+0100",2384
"2014-06-20T17:00:00.000+0100",2002
"2014-06-20T17:30:00.000+0100",2090
"2014-06-20T18:00:00.000+0100",2076
"2014-06-20T18:30:00.000+0100",2261
"2014-06-20T19:00:00.000+0100",2329
"2014-06-20T19:30:00.000+0100",2449
"2014-06-20T20:00:00.000+0100",2494
"2014-06-20T20:30:00.000+0100",2274
"2014-06-20T21:00:00.000+0100",1962
"2014-06-20T21:30:00.000+0100",1310
"2014-06-20T22:00:00.000+0100",528
"2014-06-20T22:30:00.000+0100",452
"2014-06-20T23:00:00.000+0100",281
"2014-06-20T23:30:00.000+0100",248
"2014-06-21T00:00:00.000+0100",44
"2014-06-21T00:30:00.000+0100",33
"2014-06-21T01:00:00.000+0100",44
"2014-06-21T01:30:00.000+0100",24
"2014-06-21T02:00:00.000+0100",30
"2014-06-21T02:30:00.000+0100",29
"2014-06-21T03:00:00.000+0100",8
"2014-06-21T03:30:00.000+0100",12
"2014-06-21T04:00:00.000+0100",7
"2014-06-21T04:30:00.000+0100",8
"2014-06-21T05:00:00.000+0100",5360
"2014-06-21T05:30:00.000+0100",11
"2014-06-21T06:00:00.000+0100",19
"2014-06-21T06:30:00.000+0100",12
"2014-06-21T07:00:00.000+0100",165
"2014-06-21T07:30:00.000+0100",7
"2014-06-21T08:00:00.000+0100",25
"2014-06-21T08:30:00.000+0100",103
"2014-06-21T09:00:00.000+0100",7
"2014-06-21T09:30:00.000+0100",3
"2014-06-21T10:30:00.000+0100",2
"2014-06-21T11:00:00.000+0100",2
"2014-06-21T11:30:00.000+0100",11
"2014-06-21T12:00:00.000+0100",20
"2014-06-21T12:30:00.000+0100",62
"2014-06-21T13:00:00.000+0100",239
"2014-06-21T13:30:00.000+0100",211
"2014-06-21T14:00:00.000+0100",288
"2014-06-21T14:30:00.000+0100",361
"2014-06-21T15:00:00.000+0100",262
"2014-06-21T15:30:00.000+0100",274
"2014-06-21T16:00:00.000+0100",267
"2014-06-21T16:30:00.000+0100",263
"2014-06-21T17:00:00.000+0100",128
"2014-06-21T17:30:00.000+0100",126
"2014-06-21T18:00:00.000+0100",73
"2014-06-21T18:30:00.000+0100",86
"2014-06-21T19:00:00.000+0100",48
"2014-06-21T19:30:00.000+0100",35
"2014-06-21T20:00:00.000+0100",47
"2014-06-21T20:30:00.000+0100",68
"2014-06-21T21:00:00.000+0100",28
"2014-06-21T21:30:00.000+0100",57
"2014-06-21T22:00:00.000+0100",19
"2014-06-21T22:30:00.000+0100",12
"2014-06-21T23:00:00.000+0100",16
"2014-06-21T23:30:00.000+0100",13
"2014-06-22T00:00:00.000+0100",18
"2014-06-22T00:30:00.000+0100",22
"2014-06-22T01:00:00.000+0100",9
"2014-06-22T01:30:00.000+0100",18
"2014-06-22T02:00:00.000+0100",18
"2014-06-22T02:30:00.000+0100",6
"2014-06-22T03:00:00.000+0100",13
"2014-06-22T03:30:00.000+0100",11
"2014-06-22T04:00:00.000+0100",11
"2014-06-22T04:30:00.000+0100",14
"2014-06-22T05:00:00.000+0100",1
"2014-06-22T05:30:00.000+0100",6
"2014-06-22T06:30:00.000+0100",1
"2014-06-22T07:00:00.000+0100",136
"2014-06-22T07:30:00.000+0100",6
"2014-06-22T08:00:00.000+0100",2
"2014-06-22T08:30:00.000+0100",3
"2014-06-22T09:00:00.000+0100",2
"2014-06-22T09:30:00.000+0100",6
"2014-06-22T10:00:00.000+0100",3
"2014-06-22T10:30:00.000+0100",6
"2014-06-22T11:00:00.000+0100",4
"2014-06-22T11:30:00.000+0100",17
"2014-06-22T12:00:00.000+0100",14
"2014-06-22T12:30:00.000+0100",16
"2014-06-22T13:00:00.000+0100",22
"2014-06-22T13:30:00.000+0100",31
"2014-06-22T14:00:00.000+0100",42
"2014-06-22T14:30:00.000+0100",29
"2014-06-22T15:00:00.000+0100",24
"2014-06-22T15:30:00.000+0100",20
"2014-06-22T16:00:00.000+0100",31
"2014-06-22T16:30:00.000+0100",26
"2014-06-22T17:00:00.000+0100",17
"2014-06-22T17:30:00.000+0100",16
"2014-06-22T18:00:00.000+0100",20
"2014-06-22T18:30:00.000+0100",15
"2014-06-22T19:00:00.000+0100",15
"2014-06-22T19:30:00.000+0100",17
"2014-06-22T20:00:00.000+0100",11
"2014-06-22T20:30:00.000+0100",16
"2014-06-22T21:00:00.000+0100",11
"2014-06-22T21:30:00.000+0100",5
"2014-06-22T22:00:00.000+0100",19
"2014-06-22T22:30:00.000+0100",8
"2014-06-22T23:00:00.000+0100",12
"2014-06-22T23:30:00.000+0100",13
"2014-06-23T00:00:00.000+0100",20
"2014-06-23T00:30:00.000+0100",22
"2014-06-23T01:00:00.000+0100",19
"2014-06-23T01:30:00.000+0100",16
"2014-06-23T02:00:00.000+0100",23
"2014-06-23T02:30:00.000+0100",2
"2014-06-23T03:00:00.000+0100",5
"2014-06-23T03:30:00.000+0100",10
"2014-06-23T04:00:00.000+0100",5
"2014-06-23T04:30:00.000+0100",2
"2014-06-23T05:00:00.000+0100",2
"2014-06-23T05:30:00.000+0100",5
"2014-06-23T06:00:00.000+0100",11
"2014-06-23T06:30:00.000+0100",5
"2014-06-23T07:00:00.000+0100",146
"2014-06-23T07:30:00.000+0100",1
"2014-06-23T08:00:00.000+0100",8
"2014-06-23T08:30:00.000+0100",5
"2014-06-23T09:00:00.000+0100",1
"2014-06-23T09:30:00.000+0100",5
"2014-06-23T10:00:00.000+0100",7
"2014-06-23T10:30:00.000+0100",110
"2014-06-23T11:00:00.000+0100",68
"2014-06-23T11:30:00.000+0100",146
"2014-06-23T12:00:00.000+0100",584
"2014-06-23T12:30:00.000+0100",1149
"2014-06-23T13:00:00.000+0100",2147
"2014-06-23T13:30:00.000+0100",2108
"2014-06-23T14:00:00.000+0100",4036
"2014-06-23T14:30:00.000+0100",3477
"2014-06-23T15:00:00.000+0100",3409
"2014-06-23T15:30:00.000+0100",3654
"2014-06-23T16:00:00.000+0100",3431
"2014-06-23T16:30:00.000+0100",2870
"2014-06-23T17:00:00.000+0100",2552
"2014-06-23T17:30:00.000+0100",2755
"2014-06-23T18:00:00.000+0100",2646
"2014-06-23T18:30:00.000+0100",3029
"2014-06-23T19:00:00.000+0100",3127
"2014-06-23T19:30:00.000+0100",3137
"2014-06-23T20:00:00.000+0100",3038
"2014-06-23T20:30:00.000+0100",2998
"2014-06-23T21:00:00.000+0100",2802
"2014-06-23T21:30:00.000+0100",1925
"2014-06-23T22:00:00.000+0100",987
"2014-06-23T22:30:00.000+0100",400
"2014-06-23T23:00:00.000+0100",330
"2014-06-23T23:30:00.000+0100",200
"2014-06-24T00:00:00.000+0100",157
"2014-06-24T00:30:00.000+0100",55
"2014-06-24T01:00:00.000+0100",43
"2014-06-24T01:30:00.000+0100",24
"2014-06-24T02:00:00.000+0100",40
"2014-06-24T02:30:00.000+0100",9
"2014-06-24T03:00:00.000+0100",19
"2014-06-24T03:30:00.000+0100",8
"2014-06-24T04:00:00.000+0100",8
"2014-06-24T04:30:00.000+0100",5
"2014-06-24T05:00:00.000+0100",5152
"2014-06-24T05:30:00.000+0100",5
"2014-06-24T06:00:00.000+0100",3
"2014-06-24T06:30:00.000+0100",2
"2014-06-24T07:00:00.000+0100",134
"2014-06-24T07:30:00.000+0100",33
"2014-06-24T08:00:00.000+0100",1
"2014-06-24T08:30:00.000+0100",126
"2014-06-24T09:00:00.000+0100",23
"2014-06-24T09:30:00.000+0100",5
"2014-06-24T10:00:00.000+0100",42
"2014-06-24T10:30:00.000+0100",10
"2014-06-24T11:00:00.000+0100",73
"2014-06-24T11:30:00.000+0100",213
"2014-06-24T12:00:00.000+0100",414
"2014-06-24T12:30:00.000+0100",1128
"2014-06-24T13:00:00.000+0100",2028
"2014-06-24T13:30:00.000+0100",2716
"2014-06-24T14:00:00.000+0100",3152
"2014-06-24T14:30:00.000+0100",3553
"2014-06-24T15:00:00.000+0100",3578
"2014-06-24T15:30:00.000+0100",3618
"2014-06-24T16:00:00.000+0100",3343
"2014-06-24T16:30:00.000+0100",2987
"2014-06-24T17:00:00.000+0100",2634
"2014-06-24T17:30:00.000+0100",2413
"2014-06-24T18:00:00.000+0100",2534
"2014-06-24T18:30:00.000+0100",2909
"2014-06-24T19:00:00.000+0100",2796
"2014-06-24T19:30:00.000+0100",3014
"2014-06-24T20:00:00.000+0100",2940
"2014-06-24T20:30:00.000+0100",2890
"2014-06-24T21:00:00.000+0100",2431
"2014-06-24T21:30:00.000+0100",1744
"2014-06-24T22:00:00.000+0100",966
"2014-06-24T22:30:00.000+0100",517
"2014-06-24T23:00:00.000+0100",258
"2014-06-24T23:30:00.000+0100",189
"2014-06-25T00:00:00.000+0100",65
"2014-06-25T00:30:00.000+0100",52
"2014-06-25T01:00:00.000+0100",29
"2014-06-25T01:30:00.000+0100",27
"2014-06-25T02:00:00.000+0100",38
"2014-06-25T02:30:00.000+0100",23
"2014-06-25T03:00:00.000+0100",7
"2014-06-25T03:30:00.000+0100",13
"2014-06-25T04:00:00.000+0100",6
"2014-06-25T04:30:00.000+0100",12
"2014-06-25T05:00:00.000+0100",5449
"2014-06-25T05:30:00.000+0100",7
"2014-06-25T06:00:00.000+0100",8
"2014-06-25T06:30:00.000+0100",6
"2014-06-25T07:00:00.000+0100",31
"2014-06-25T07:30:00.000+0100",16
"2014-06-25T08:00:00.000+0100",13
"2014-06-25T08:30:00.000+0100",107
"2014-06-25T09:00:00.000+0100",13
"2014-06-25T09:30:00.000+0100",3
"2014-06-25T10:00:00.000+0100",10
"2014-06-25T10:30:00.000+0100",4
"2014-06-25T11:00:00.000+0100",73
"2014-06-25T11:30:00.000+0100",148
"2014-06-25T12:00:00.000+0100",380
"2014-06-25T12:30:00.000+0100",1117
"2014-06-25T13:00:00.000+0100",1919
"2014-06-25T13:30:00.000+0100",2503
"2014-06-25T14:00:00.000+0100",2879
"2014-06-25T14:30:00.000+0100",3250
"2014-06-25T15:00:00.000+0100",3151
"2014-06-25T15:30:00.000+0100",3337
"2014-06-25T16:00:00.000+0100",3120
"2014-06-25T16:30:00.000+0100",2684
"2014-06-25T17:00:00.000+0100",2401
"2014-06-25T17:30:00.000+0100",2574
"2014-06-25T18:00:00.000+0100",2679
"2014-06-25T18:30:00.000+0100",2791
"2014-06-25T19:00:00.000+0100",2962
"2014-06-25T19:30:00.000+0100",2951
"2014-06-25T20:00:00.000+0100",2724
"2014-06-25T20:30:00.000+0100",2678
"2014-06-25T21:00:00.000+0100",2484
"2014-06-25T21:30:00.000+0100",1673
"2014-06-25T22:00:00.000+0100",1018
"2014-06-25T22:30:00.000+0100",580
"2014-06-25T23:00:00.000+0100",401
"2014-06-25T23:30:00.000+0100",204
"2014-06-26T00:00:00.000+0100",121
"2014-06-26T00:30:00.000+0100",50
"2014-06-26T01:00:00.000+0100",40
"2014-06-26T01:30:00.000+0100",28
"2014-06-26T02:00:00.000+0100",24
"2014-06-26T02:30:00.000+0100",89
"2014-06-26T03:00:00.000+0100",7
"2014-06-26T03:30:00.000+0100",14
"2014-06-26T04:00:00.000+0100",15
"2014-06-26T04:30:00.000+0100",9
"2014-06-26T05:00:00.000+0100",5271
"2014-06-26T05:30:00.000+0100",5
"2014-06-26T06:00:00.000+0100",11
"2014-06-26T06:30:00.000+0100",2
"2014-06-26T07:00:00.000+0100",5
"2014-06-26T07:30:00.000+0100",31
"2014-06-26T08:00:00.000+0100",7
"2014-06-26T08:30:00.000+0100",73
"2014-06-26T09:00:00.000+0100",17
"2014-06-26T09:30:00.000+0100",3
"2014-06-26T10:00:00.000+0100",12
"2014-06-26T10:30:00.000+0100",22
"2014-06-26T11:00:00.000+0100",71
"2014-06-26T11:30:00.000+0100",168
"2014-06-26T12:00:00.000+0100",396
"2014-06-26T12:30:00.000+0100",1046
"2014-06-26T13:00:00.000+0100",1667
"2014-06-26T13:30:00.000+0100",2162
"2014-06-26T14:00:00.000+0100",2657
"2014-06-26T14:30:00.000+0100",3147
"2014-06-26T15:00:00.000+0100",3217
"2014-06-26T15:30:00.000+0100",3017
"2014-06-26T16:00:00.000+0100",3113
"2014-06-26T16:30:00.000+0100",2703
"2014-06-26T17:00:00.000+0100",2257
"2014-06-26T17:30:00.000+0100",2281
"2014-06-26T18:00:00.000+0100",2349
"2014-06-26T18:30:00.000+0100",2637
"2014-06-26T19:00:00.000+0100",2809
"2014-06-26T19:30:00.000+0100",2746
"2014-06-26T20:00:00.000+0100",2598
"2014-06-26T20:30:00.000+0100",2650
"2014-06-26T21:00:00.000+0100",2249
"2014-06-26T21:30:00.000+0100",1550
"2014-06-26T22:00:00.000+0100",954
"2014-06-26T22:30:00.000+0100",495
"2014-06-26T23:00:00.000+0100",172
"2014-06-26T23:30:00.000+0100",108
"2014-06-27T00:00:00.000+0100",62
"2014-06-27T00:30:00.000+0100",37
"2014-06-27T01:00:00.000+0100",21
"2014-06-27T01:30:00.000+0100",41
"2014-06-27T02:00:00.000+0100",40
"2014-06-27T02:30:00.000+0100",23
"2014-06-27T03:00:00.000+0100",24
"2014-06-27T03:30:00.000+0100",16
"2014-06-27T04:00:00.000+0100",9
"2014-06-27T04:30:00.000+0100",14
"2014-06-27T05:00:00.000+0100",5085
"2014-06-27T05:30:00.000+0100",15
"2014-06-27T06:00:00.000+0100",5
"2014-06-27T06:30:00.000+0100",7
"2014-06-27T07:00:00.000+0100",8
"2014-06-27T07:30:00.000+0100",15
"2014-06-27T08:00:00.000+0100",31
"2014-06-27T08:30:00.000+0100",99
"2014-06-27T09:00:00.000+0100",7
"2014-06-27T09:30:00.000+0100",26
"2014-06-27T10:00:00.000+0100",10
"2014-06-27T10:30:00.000+0100",19
"2014-06-27T11:00:00.000+0100",85
"2014-06-27T11:30:00.000+0100",145
"2014-06-27T12:00:00.000+0100",419
"2014-06-27T12:30:00.000+0100",1029
"2014-06-27T13:00:00.000+0100",1817
"2014-06-27T13:30:00.000+0100",2429
"2014-06-27T14:00:00.000+0100",2852
"2014-06-27T14:30:00.000+0100",2913
"2014-06-27T15:00:00.000+0100",3077
"2014-06-27T15:30:00.000+0100",3034
"2014-06-27T16:00:00.000+0100",2862
"2014-06-27T16:30:00.000+0100",2257
"2014-06-27T17:00:00.000+0100",2047
"2014-06-27T17:30:00.000+0100",1861
"2014-06-27T18:00:00.000+0100",1963
"2014-06-27T18:30:00.000+0100",2408
"2014-06-27T19:00:00.000+0100",2692
"2014-06-27T19:30:00.000+0100",2369
"2014-06-27T20:00:00.000+0100",2250
"2014-06-27T20:30:00.000+0100",2125
"2014-06-27T21:00:00.000+0100",1817
"2014-06-27T21:30:00.000+0100",1263
"2014-06-27T22:00:00.000+0100",559
"2014-06-27T22:30:00.000+0100",223
"2014-06-27T23:00:00.000+0100",139
"2014-06-27T23:30:00.000+0100",38
"2014-06-28T00:00:00.000+0100",40
"2014-06-28T00:30:00.000+0100",40
"2014-06-28T01:00:00.000+0100",38
"2014-06-28T01:30:00.000+0100",41
"2014-06-28T02:00:00.000+0100",24
"2014-06-28T02:30:00.000+0100",15
"2014-06-28T03:00:00.000+0100",9
"2014-06-28T03:30:00.000+0100",7
"2014-06-28T04:00:00.000+0100",3
"2014-06-28T04:30:00.000+0100",12
"2014-06-28T05:00:00.000+0100",4993
"2014-06-28T05:30:00.000+0100",2
"2014-06-28T06:00:00.000+0100",3
"2014-06-28T06:30:00.000+0100",9
"2014-06-28T07:00:00.000+0100",97
"2014-06-28T07:30:00.000+0100",16
"2014-06-28T08:00:00.000+0100",14
"2014-06-28T08:30:00.000+0100",78
"2014-06-28T09:00:00.000+0100",6
"2014-06-28T09:30:00.000+0100",9
"2014-06-28T10:00:00.000+0100",17
"2014-06-28T10:30:00.000+0100",4
"2014-06-28T11:00:00.000+0100",12
"2014-06-28T11:30:00.000+0100",19
"2014-06-28T12:00:00.000+0100",27
"2014-06-28T12:30:00.000+0100",71
"2014-06-28T13:00:00.000+0100",301
"2014-06-28T13:30:00.000+0100",208
"2014-06-28T14:00:00.000+0100",302
"2014-06-28T14:30:00.000+0100",264
"2014-06-28T15:00:00.000+0100",238
"2014-06-28T15:30:00.000+0100",263
"2014-06-28T16:00:00.000+0100",228
"2014-06-28T16:30:00.000+0100",195
"2014-06-28T17:00:00.000+0100",99
"2014-06-28T17:30:00.000+0100",41
"2014-06-28T18:00:00.000+0100",30
"2014-06-28T18:30:00.000+0100",28
"2014-06-28T19:00:00.000+0100",37
"2014-06-28T19:30:00.000+0100",35
"2014-06-28T20:00:00.000+0100",22
"2014-06-28T20:30:00.000+0100",21
"2014-06-28T21:00:00.000+0100",14
"2014-06-28T21:30:00.000+0100",21
"2014-06-28T22:00:00.000+0100",17
"2014-06-28T22:30:00.000+0100",18
"2014-06-28T23:00:00.000+0100",15
"2014-06-28T23:30:00.000+0100",23
"2014-06-29T00:00:00.000+0100",22
"2014-06-29T00:30:00.000+0100",31
"2014-06-29T01:00:00.000+0100",20
"2014-06-29T01:30:00.000+0100",20
"2014-06-29T02:00:00.000+0100",12
"2014-06-29T02:30:00.000+0100",12
"2014-06-29T03:00:00.000+0100",3
"2014-06-29T03:30:00.000+0100",4
"2014-06-29T04:00:00.000+0100",6
"2014-06-29T04:30:00.000+0100",5
"2014-06-29T05:00:00.000+0100",1
"2014-06-29T05:30:00.000+0100",6
"2014-06-29T06:00:00.000+0100",4
"2014-06-29T06:30:00.000+0100",5
"2014-06-29T07:00:00.000+0100",119
"2014-06-29T07:30:00.000+0100",13
"2014-06-29T08:00:00.000+0100",2
"2014-06-29T08:30:00.000+0100",4
"2014-06-29T09:00:00.000+0100",1
"2014-06-29T09:30:00.000+0100",4
"2014-06-29T10:00:00.000+0100",2
"2014-06-29T10:30:00.000+0100",4
"2014-06-29T11:00:00.000+0100",1
"2014-06-29T11:30:00.000+0100",16
"2014-06-29T12:00:00.000+0100",15
"2014-06-29T12:30:00.000+0100",23
"2014-06-29T13:00:00.000+0100",23
"2014-06-29T13:30:00.000+0100",20
"2014-06-29T14:00:00.000+0100",30
"2014-06-29T14:30:00.000+0100",27
"2014-06-29T15:00:00.000+0100",32
"2014-06-29T15:30:00.000+0100",24
"2014-06-29T16:00:00.000+0100",15
"2014-06-29T16:30:00.000+0100",30
"2014-06-29T17:00:00.000+0100",16
"2014-06-29T17:30:00.000+0100",22
"2014-06-29T18:00:00.000+0100",26
"2014-06-29T18:30:00.000+0100",19
"2014-06-29T19:00:00.000+0100",15
"2014-06-29T19:30:00.000+0100",26
"2014-06-29T20:00:00.000+0100",18
"2014-06-29T20:30:00.000+0100",20
"2014-06-29T21:00:00.000+0100",11
"2014-06-29T21:30:00.000+0100",13
"2014-06-29T22:00:00.000+0100",23
"2014-06-29T22:30:00.000+0100",12
"2014-06-29T23:00:00.000+0100",16
"2014-06-29T23:30:00.000+0100",10
"2014-06-30T00:00:00.000+0100",7
"2014-06-30T00:30:00.000+0100",22
"2014-06-30T01:00:00.000+0100",19
"2014-06-30T01:30:00.000+0100",18
"2014-06-30T02:00:00.000+0100",8
"2014-06-30T02:30:00.000+0100",8
"2014-06-30T03:00:00.000+0100",7
"2014-06-30T03:30:00.000+0100",1
"2014-06-30T04:00:00.000+0100",8
"2014-06-30T04:30:00.000+0100",2
"2014-06-30T05:30:00.000+0100",9
"2014-06-30T06:00:00.000+0100",1
"2014-06-30T06:30:00.000+0100",3
"2014-06-30T07:00:00.000+0100",182
"2014-06-30T07:30:00.000+0100",5
"2014-06-30T08:00:00.000+0100",6
"2014-06-30T08:30:00.000+0100",3
"2014-06-30T09:00:00.000+0100",10
"2014-06-30T09:30:00.000+0100",6
"2014-06-30T10:00:00.000+0100",21
"2014-06-30T10:30:00.000+0100",10
"2014-06-30T11:00:00.000+0100",89
"2014-06-30T11:30:00.000+0100",176
"2014-06-30T12:00:00.000+0100",483
"2014-06-30T12:30:00.000+0100",1140
"2014-06-30T13:00:00.000+0100",2188
"2014-06-30T13:30:00.000+0100",2857
"2014-06-30T14:00:00.000+0100",3126
"2014-06-30T14:30:00.000+0100",3417
"2014-06-30T15:00:00.000+0100",3392
"2014-06-30T15:30:00.000+0100",3265
"2014-06-30T16:00:00.000+0100",3320
"2014-06-30T16:30:00.000+0100",2857
"2014-06-30T17:00:00.000+0100",2520
"2014-06-30T17:30:00.000+0100",2357
"2014-06-30T18:00:00.000+0100",2530
"2014-06-30T18:30:00.000+0100",2995
"2014-06-30T19:00:00.000+0100",3011
"2014-06-30T19:30:00.000+0100",3091
"2014-06-30T20:00:00.000+0100",3094
"2014-06-30T20:30:00.000+0100",2778
"2014-06-30T21:00:00.000+0100",2557
"2014-06-30T21:30:00.000+0100",1764
"2014-06-30T22:00:00.000+0100",995
"2014-06-30T22:30:00.000+0100",637
"2014-06-30T23:00:00.000+0100",340
"2014-06-30T23:30:00.000+0100",232
"2014-07-01T00:00:00.000+0100",126
"2014-07-01T00:30:00.000+0100",79
"2014-07-01T01:00:00.000+0100",41
"2014-07-01T01:30:00.000+0100",51
"2014-07-01T02:00:00.000+0100",33
"2014-07-01T02:30:00.000+0100",85
"2014-07-01T03:00:00.000+0100",32
"2014-07-01T03:30:00.000+0100",17
"2014-07-01T04:00:00.000+0100",17
"2014-07-01T04:30:00.000+0100",9
"2014-07-01T05:00:00.000+0100",5077
"2014-07-01T05:30:00.000+0100",17
"2014-07-01T06:00:00.000+0100",11
"2014-07-01T06:30:00.000+0100",12
"2014-07-01T07:00:00.000+0100",112
"2014-07-01T07:30:00.000+0100",26
"2014-07-01T08:00:00.000+0100",7
"2014-07-01T08:30:00.000+0100",86
"2014-07-01T09:00:00.000+0100",9
"2014-07-01T09:30:00.000+0100",5
"2014-07-01T10:00:00.000+0100",21
"2014-07-01T10:30:00.000+0100",14
"2014-07-01T11:00:00.000+0100",128
"2014-07-01T11:30:00.000+0100",154
"2014-07-01T12:00:00.000+0100",498
"2014-07-01T12:30:00.000+0100",1073
"2014-07-01T13:00:00.000+0100",1965
"2014-07-01T13:30:00.000+0100",2582
"2014-07-01T14:00:00.000+0100",3048
"2014-07-01T14:30:00.000+0100",3177
"2014-07-01T15:00:00.000+0100",3317
"2014-07-01T15:30:00.000+0100",3534
"2014-07-01T16:00:00.000+0100",3195
"2014-07-01T16:30:00.000+0100",3185
"2014-07-01T17:00:00.000+0100",2478
"2014-07-01T17:30:00.000+0100",2419
"2014-07-01T18:00:00.000+0100",2679
"2014-07-01T18:30:00.000+0100",2722
"2014-07-01T19:00:00.000+0100",3090
"2014-07-01T19:30:00.000+0100",3007
"2014-07-01T20:00:00.000+0100",2893
"2014-07-01T20:30:00.000+0100",2974
"2014-07-01T21:00:00.000+0100",2342
"2014-07-01T21:30:00.000+0100",1703
"2014-07-01T22:00:00.000+0100",990
"2014-07-01T22:30:00.000+0100",536
"2014-07-01T23:00:00.000+0100",322
"2014-07-01T23:30:00.000+0100",179
"2014-07-02T00:00:00.000+0100",64
"2014-07-02T00:30:00.000+0100",41
"2014-07-02T01:00:00.000+0100",31
"2014-07-02T01:30:00.000+0100",30
"2014-07-02T02:00:00.000+0100",23
"2014-07-02T02:30:00.000+0100",19
"2014-07-02T03:00:00.000+0100",11
"2014-07-02T03:30:00.000+0100",9
"2014-07-02T04:00:00.000+0100",5
"2014-07-02T04:30:00.000+0100",9
"2014-07-02T05:00:00.000+0100",5773
"2014-07-02T05:30:00.000+0100",14
"2014-07-02T06:30:00.000+0100",7
"2014-07-02T07:00:00.000+0100",34
"2014-07-02T07:30:00.000+0100",8
"2014-07-02T08:00:00.000+0100",22
"2014-07-02T08:30:00.000+0100",100
"2014-07-02T09:00:00.000+0100",18
"2014-07-02T09:30:00.000+0100",1
"2014-07-02T10:00:00.000+0100",4
"2014-07-02T10:30:00.000+0100",17
"2014-07-02T11:00:00.000+0100",45
"2014-07-02T11:30:00.000+0100",118
"2014-07-02T12:00:00.000+0100",509
"2014-07-02T12:30:00.000+0100",1176
"2014-07-02T13:00:00.000+0100",1929
"2014-07-02T13:30:00.000+0100",2513
"2014-07-02T14:00:00.000+0100",2952
"2014-07-02T14:30:00.000+0100",3136
"2014-07-02T15:00:00.000+0100",3132
"2014-07-02T15:30:00.000+0100",3126
"2014-07-02T16:00:00.000+0100",2992
"2014-07-02T16:30:00.000+0100",2808
"2014-07-02T17:00:00.000+0100",2331
"2014-07-02T17:30:00.000+0100",2337
"2014-07-02T18:00:00.000+0100",2521
"2014-07-02T18:30:00.000+0100",2665
"2014-07-02T19:00:00.000+0100",2914
"2014-07-02T19:30:00.000+0100",2953
"2014-07-02T20:00:00.000+0100",2543
