1422464276,34.5376309,-82.6536886
1422464576,40.0306101,-75.6335153
1422464876,43.3569967,-4.5133667
1422465176,40.0306101,-75.6335153
1422465476,48.1759785,-122.5295356
1422465776,-34.7756404,-58.3102081
1422466076,34.4950192,-94.7703393
1422466376,-34.7756404,-58.3102081
1422466676,34.5376309,-82.6536886
1422466976,40.0306101,-75.6335153
1422467276,35.8226401,-86.8240799
1422467576,38.7953472,-77.0011841
1422467876,12.9291819,77.5735897
1422468176,37.539617,-88.1134989
1422468476,38.7953472,-77.0011841
1422468776,38.7953472,-77.0011841
1422469076,38.7953472,-77.0011841
1422469376,-34.7756404,-58.3102081
1422469676,43.3569967,-4.5133667
1422469976,40.0306101,-75.6335153
1422470276,43.0932532,-75.319615
1422470576,-34.7756404,-58.3102081
1422470876,-34.7756404,-58.3102081
1422471176,48.1759785,-122.5295356
1422471476,40.0306101,-75.6335153
1422471776,34.4950192,-94.7703393
1422472076,-34.7756404,-58.3102081
1422472376,43.3569967,-4.5133667
1422472676,38.7953472,-77.0011841
1422472976,38.7953472,-77.0011841
1422473276,38.7953472,-77.0011841
1422473576,43.3569967,-4.5133667
1422473876,36.583588,-80.779662
1422474176,40.3004532,-111.7160021
1422474476,34.9531013,127.7005256
1422474776,41.475117,26.682942
1422475076,36.583588,-80.779662
1422475376,40.3004532,-111.7160021
1422475676,40.0306101,-75.6335153
1422475976,40.0306101,-75.6335153
1422476276,38.6383409,-93.913004
1422476576,21.0139416,-101.8602917
1422476876,44.8455611,-92.7046211
1422477176,-23.2980801,-45.9846493
1422477476,40.0306101,-75.6335153
1422477776,40.0306101,-75.6335153
1422478076,40.0306101,-75.6335153
1422478376,41.4989742,-81.3554549
1422478676,41.4989742,-81.3554549
1422478976,40.0306101,-75.6335153
1422479276,38.006454,-87.069467
1422479576,38.6383409,-93.913004
1422479876,33.9427082,-83.75078310000001
1422480176,40.0306101,-75.6335153
1422480476,40.0306101,-75.6335153
1422480776,40.0306101,-75.6335153
1422481076,40.0306101,-75.6335153
1422481376,40.0306101,-75.6335153
1422481676,40.0306101,-75.6335153
1422481976,40.0306101,-75.6335153
1422482276,40.0306101,-75.6335153
1422482576,40.0306101,-75.6335153
1422482876,40.0306101,-75.6335153
1422483176,40.0306101,-75.6335153
1422483476,40.0306101,-75.6335153
1422483776,40.0306101,-75.6335153
1422484076,40.0306101,-75.6335153
1422484376,40.0306101,-75.6335153
1422484676,40.0306101,-75.6335153
1422484976,40.0306101,-75.6335153
1422485276,40.0306101,-75.6335153
1422485576,40.0306101,-75.6335153
1422485876,40.0306101,-75.6335153
1422486176,40.0306101,-75.6335153
1422486476,40.0306101,-75.6335153
1422486776,40.0306101,-75.6335153
1422487076,40.0306101,-75.6335153
1422487376,40.0306101,-75.6335153
1422487676,40.0306101,-75.6335153
1422487976,40.0306101,-75.6335153
1422488276,40.0306101,-75.6335153
1422488576,40.0306101,-75.6335153
1422488876,40.0306101,-75.6335153
1422489176,40.0306101,-75.6335153
1422489476,40.0306101,-75.6335153
1422489776,40.0306101,-75.6335153
1422490076,43.0932532,-75.319615
1422490376,40.0306101,-75.6335153
1422490676,40.0306101,-75.6335153
1422490976,36.583588,-80.779662
1422491276,34.9531013,127.7005256
1422491576,40.6496938,-111.9163816
1422491876,-34.7756404,-58.3102081
1422492176,41.4989742,-81.3554549
1422492476,32.6790282,-97.4160723
1422492776,36.583588,-80.779662
1422493076,44.8035217,-95.12524329999999
1422493376,40.0306101,-75.6335153
1422493676,32.6790282,-97.4160723
1422493976,34.4950192,-94.7703393
1422494276,40.0306101,-75.6335153
1422494576,40.6496938,-111.9163816
1422494876,40.3004532,-111.7160021
1422495176,48.1759785,-122.5295356
1422495476,-23.2980801,-45.9846493
1422495776,-34.7756404,-58.3102081
1422496076,32.6790282,-97.4160723
1422496376,-34.7756404,-58.3102081
1422496676,41.4989742,-81.3554549
1422496976,32.6790282,-97.4160723
1422497276,-34.7756404,-58.3102081
1422497576,40.3004532,-111.7160021
1422497876,48.1759785,-122.5295356
1422498176,40.0306101,-75.6335153
1422498476,48.1759785,-122.5295356
1422498776,37.539617,-88.1134989
1422499076,44.8455611,-92.7046211
1422499376,40.0306101,-75.6335153
1422499676,-34.7756404,-58.3102081
1422499976,38.7953472,-77.0011841
1422500276,41.4989742,-81.3554549
1422500576,40.0306101,-75.6335153
1422500876,32.6790282,-97.4160723
1422501176,40.0306101,-75.6335153
1422501476,-34.7756404,-58.3102081
1422501776,40.6496938,-111.9163816
1422502076,40.6496938,-111.9163816
1422502376,36.583588,-80.779662
1422502676,36.583588,-80.779662
1422502976,-34.7756404,-58.3102081
1422503276,32.6790282,-97.4160723
1422503576,43.3569967,-4.5133667
1422503876,34.5376309,-82.6536886
1422504176,37.539617,-88.1134989
1422504476,37.539617,-88.1134989
1422504776,43.3569967,-4.5133667
1422505076,-23.2980801,-45.9846493
1422505376,43.0932532,-75.319615
1422505676,32.6790282,-97.4160723
1422505976,17.5334398,-99.5026045
1422506276,36.583588,-80.779662
1422506576,-34.7756404,-58.3102081
1422506876,41.475117,26.682942
1422507176,43.3569967,-4.5133667
1422507476,43.0932532,-75.319615
1422507776,37.539617,-88.1134989
1422508076,-34.7756404,-58.3102081
1422508376,34.5376309,-82.6536886
1422508676,43.3569967,-4.5133667
1422508976,43.0932532,-75.319615
1422509276,40.7569245,-91.0597867
1422509576,40.0306101,-75.6335153
1422509876,43.3569967,-4.5133667
1422510176,38.7953472,-77.0011841
1422510476,43.3569967,-4.5133667
1422510776,38.7953472,-77.0011841
1422511076,41.475117,26.682942
1422511376,40.0306101,-75.6335153
1422511676,-34.7756404,-58.3102081
1422511976,-23.2980801,-45.9846493
1422512276,-34.7756404,-58.3102081
1422512576,43.3569967,-4.5133667
1422512876,40.0306101,-75.6335153
1422513176,43.3569967,-4.5133667
1422513476,32.6790282,-97.4160723
1422513776,34.4950192,-94.7703393
1422514076,-23.2980801,-45.9846493
1422514376,34.9531013,127.7005256
1422514676,38.7953472,-77.0011841
1422514976,43.0932532,-75.319615
1422515276,43.3569967,-4.5133667
1422515576,48.1759785,-122.5295356
1422515876,-29.826753,30.619497
1422516176,32.6790282,-97.4160723
1422516476,11.9934904,75.2868527
1422516776,40.7510159,-73.9601972
1422517076,-23.2980801,-45.9846493
1422517376,38.7953472,-77.0011841
1422517676,38.7953472,-77.0011841
1422517976,37.325964,-2.2909196
1422518276,40.0306101,-75.6335153
1422518576,48.1759785,-122.5295356
1422518876,48.1759785,-122.5295356
1422519176,42.5648436,-113.6293456
1422519476,43.3569967,-4.5133667
1422519776,32.6790282,-97.4160723
1422520076,43.0932532,-75.319615
1422520376,43.0932532,-75.319615
1422520676,36.583588,-80.779662
1422520976,32.6790282,-97.4160723
1422521276,32.6790282,-97.4160723
1422521576,32.6790282,-97.4160723
1422521876,40.0306101,-75.6335153
1422522176,40.0306101,-75.6335153
1422522476,40.0306101,-75.6335153
1422522776,41.4989742,-81.3554549
1422523076,-34.7756404,-58.3102081
1422523376,40.0306101,-75.6335153
1422523676,38.7953472,-77.0011841
1422523976,42.2498991,-84.4358417
1422524276,40.0306101,-75.6335153
1422524576,17.5334398,-99.5026045
1422524876,48.1759785,-122.5295356
1422525176,37.325964,-2.2909196
1422525476,44.8455611,-92.7046211
1422525776,43.3569967,-4.5133667
1422526076,44.8455611,-92.7046211
1422526376,40.0306101,-75.6335153
1422526676,40.0306101,-75.6335153
1422526976,38.7953472,-77.0011841
1422527276,38.7953472,-77.0011841
1422527576,38.7953472,-77.0011841
1422527876,38.7953472,-77.0011841
1422528176,38.7953472,-77.0011841
1422528476,38.7953472,-77.0011841
1422528776,38.7953472,-77.0011841
1422529076,38.7953472,-77.0011841
1422529376,38.7953472,-77.0011841
1422529676,40.0306101,-75.6335153
1422529976,40.1773188,-88.7897735
1422530276,40.1773188,-88.7897735
1422530576,40.1773188,-88.7897735
1422530876,39.6425616,-79.96363820000001
1422531176,39.6425616,-79.96363820000001
1422531476,40.0306101,-75.6335153
1422531776,39.6425616,-79.96363820000001
1422532076,43.3569967,-4.5133667
1422532376,43.3569967,-4.5133667
1422532676,43.3569967,-4.5133667
1422532976,37.539617,-88.1134989
1422533276,38.6383409,-93.913004
1422533576,40.7569245,-91.0597867
1422533876,30.2894808,-90.86792130000001
1422534176,40.7569245,-91.0597867
1422534476,43.3569967,-4.5133667
1422534776,41.4989742,-81.3554549
1422535076,41.4989742,-81.3554549
1422535376,37.325964,-2.2909196
1422535676,17.5334398,-99.5026045
1422535976,41.5478305,-72.5070592
1422536276,48.1759785,-122.5295356
1422536576,59.5272692,17.5817477
1422536876,38.3878814,-120.9075301
1422537176,43.3569967,-4.5133667
1422537476,42.5648436,-113.6293456
1422537776,30.855128,34.777386
1422538076,37.539617,-88.1134989
1422538376,38.006454,-87.069467
1422538676,34.9531013,127.7005256
1422538976,44.8035217,-95.12524329999999
1422539276,43.0932532,-75.319615
1422539576,41.4989742,-81.3554549
1422539876,40.0306101,-75.6335153
1422540176,32.6790282,-97.4160723
1422540476,48.1759785,-122.5295356
1422540776,-34.7756404,-58.3102081
1422541076,-34.7756404,-58.3102081
1422541376,33.9427082,-83.75078310000001
1422541676,43.3569967,-4.5133667
1422541976,38.7953472,-77.0011841
1422542276,38.7953472,-77.0011841
1422542576,38.7953472,-77.0011841
1422542876,40.0306101,-75.6335153
1422543176,43.3569967,-4.5133667
1422543476,43.3569967,-4.5133667
1422543776,43.3569967,-4.5133667
1422544076,61.1238355,14.6071067
1422544376,41.4989742,-81.3554549
1422544676,41.4989742,-81.3554549
1422544976,51.4424729,7.2586558
1422545276,38.7953472,-77.0011841
1422545576,-34.7756404,-58.3102081
1422545876,40.0306101,-75.6335153
1422546176,41.475117,26.682942
1422546476,41.475117,26.682942
1422546776,41.475117,26.682942
1422547076,-34.7756404,-58.3102081
1422547376,44.8035217,-95.12524329999999
1422547676,43.3569967,-4.5133667
1422547976,32.6790282,-97.4160723
1422548276,40.306643,-77.54405
1422548576,41.4989742,-81.3554549
1422548876,40.7569245,-91.0597867
1422549176,36.583588,-80.779662
1422549476,40.3004532,-111.7160021
1422549776,40.3004532,-111.7160021
1422550076,40.3004532,-111.7160021
1422550376,40.0306101,-75.6335153
1422550676,44.8455611,-92.7046211
1422550976,-23.2980801,-45.9846493
1422551276,40.0306101,-75.6335153
1422551576,40.0306101,-75.6335153
1422551876,40.0306101,-75.6335153
1422552176,35.8226401,-86.8240799
1422552476,35.8226401,-86.8240799
1422552776,34.9531013,127.7005256
1422553076,43.3569967,-4.5133667
1422553376,37.539617,-88.1134989
1422553676,37.539617,-88.1134989
1422553976,43.0932532,-75.319615
1422554276,43.0932532,-75.319615
1422554576,43.0932532,-75.319615
1422554876,43.0932532,-75.319615
1422555176,40.0306101,-75.6335153
1422555476,43.0932532,-75.319615
1422555776,43.0932532,-75.319615
1422556076,43.3569967,-4.5133667
1422556376,33.9427082,-83.75078310000001
1422556676,36.583588,-80.779662
1422556976,17.5334398,-99.5026045
1422557276,38.7953472,-77.0011841
1422557576,43.3569967,-4.5133667
1422557876,43.3569967,-4.5133667
1422558176,43.3569967,-4.5133667
1422558476,40.0306101,-75.6335153
1422558776,40.0306101,-75.6335153
1422559076,40.0306101,-75.6335153
1422559376,43.3569967,-4.5133667
1422559676,40.0306101,-75.6335153
1422559976,40.0306101,-75.6335153
1422560276,40.0306101,-75.6335153
1422560576,40.0306101,-75.6335153
1422560876,40.0306101,-75.6335153
1422561176,40.0306101,-75.6335153
1422561476,40.0306101,-75.6335153
1422561776,40.0306101,-75.6335153
1422562076,40.0306101,-75.6335153
1422562376,40.0306101,-75.6335153
1422562676,34.4950192,-94.7703393
1422562976,40.0306101,-75.6335153
1422563276,40.0306101,-75.6335153
1422563576,40.0306101,-75.6335153
1422563876,40.0306101,-75.6335153
1422564176,40.0306101,-75.6335153
1422564476,40.0306101,-75.6335153
1422564776,40.0306101,-75.6335153
1422565076,40.0306101,-75.6335153
1422565376,40.0306101,-75.6335153
1422565676,40.0306101,-75.6335153
1422565976,40.0306101,-75.6335153
1422566276,40.0306101,-75.6335153
1422566576,40.0306101,-75.6335153
1422566876,40.0306101,-75.6335153
1422567176,40.0306101,-75.6335153
1422567476,40.0306101,-75.6335153
1422567776,40.0306101,-75.6335153
1422568076,40.0306101,-75.6335153
1422568376,40.0306101,-75.6335153
1422568676,40.0306101,-75.6335153
1422568976,40.0306101,-75.6335153
1422569276,40.0306101,-75.6335153
1422569576,40.0306101,-75.6335153
1422569876,40.0306101,-75.6335153
1422570176,40.0306101,-75.6335153
1422570476,40.0306101,-75.6335153
1422570776,40.0306101,-75.6335153
1422571076,40.0306101,-75.6335153
1422571376,40.0306101,-75.6335153
1422571676,40.0306101,-75.6335153
1422571976,40.0306101,-75.6335153
1422572276,17.5334398,-99.5026045
1422572576,40.0306101,-75.6335153
1422572876,40.0306101,-75.6335153
1422573176,40.0306101,-75.6335153
1422573476,40.0306101,-75.6335153
1422573776,40.0306101,-75.6335153
1422574076,40.0306101,-75.6335153
1422574376,40.0306101,-75.6335153
1422574676,40.0306101,-75.6335153
1422574976,40.0306101,-75.6335153
1422575276,40.0306101,-75.6335153
1422575576,40.0306101,-75.6335153
1422575876,43.0932532,-75.319615
1422576176,34.4950192,-94.7703393
1422576476,34.4950192,-94.7703393
1422576776,-34.7756404,-58.3102081
1422577076,-34.7756404,-58.3102081
1422577376,35.8226401,-86.8240799
1422577676,36.583588,-80.779662
1422577976,-34.7756404,-58.3102081
1422578276,43.3569967,-4.5133667
1422578576,44.8035217,-95.12524329999999
1422578876,43.3569967,-4.5133667
1422579176,51.4424729,7.2586558
1422579476,41.5478305,-72.5070592
1422579776,43.3569967,-4.5133667
1422580076,41.4989742,-81.3554549
1422580376,43.0932532,-75.319615
1422580676,40.0306101,-75.6335153
1422580976,-23.2980801,-45.9846493
1422581276,40.0306101,-75.6335153
1422581576,59.5272692,17.5817477
1422581876,59.5272692,17.5817477
1422582176,38.7953472,-77.0011841
1422582476,34.4950192,-94.7703393
1422582776,40.0306101,-75.6335153
1422583076,38.7953472,-77.0011841
1422583376,33.9427082,-83.75078310000001
1422583676,34.4950192,-94.7703393
1422583976,43.3569967,-4.5133667
1422584276,38.861219,-95.31667330000001
1422584576,34.9531013,127.7005256
1422584876,43.0932532,-75.319615
1422585176,48.1759785,-122.5295356
1422585476,37.539617,-88.1134989
1422585776,40.7569245,-91.0597867
1422586076,40.6496938,-111.9163816
1422586376,42.2498991,-84.4358417
1422586676,40.0306101,-75.6335153
1422586976,41.4989742,-81.3554549
1422587276,44.8035217,-95.12524329999999
1422587576,40.7569245,-91.0597867
1422587876,42.5648436,-113.6293456
1422588176,-34.7756404,-58.3102081
1422588476,40.0306101,-75.6335153
1422588776,-34.7756404,-58.3102081
1422589076,40.7569245,-91.0597867
1422589376,43.3569967,-4.5133667
1422589676,37.539617,-88.1134989
1422589976,32.6790282,-97.4160723
1422590276,40.0306101,-75.6335153
1422590576,-34.7756404,-58.3102081
1422590876,41.4989742,-81.3554549
1422591176,43.3569967,-4.5133667
1422591476,43.3569967,-4.5133667
1422591776,37.539617,-88.1134989
1422592076,37.539617,-88.1134989
1422592376,34.4950192,-94.7703393
1422592676,32.6790282,-97.4160723
1422592976,43.3569967,-4.5133667
1422593276,-34.7756404,-58.3102081
1422593576,48.1759785,-122.5295356
1422593876,34.9531013,127.7005256
1422594176,36.583588,-80.779662
1422594476,40.6496938,-111.9163816
1422594776,-23.2980801,-45.9846493
1422595076,43.0932532,-75.319615
1422595376,43.3569967,-4.5133667
1422595676,43.3569967,-4.5133667
1422595976,37.539617,-88.1134989
1422596276,17.5334398,-99.5026045
1422596576,32.6790282,-97.4160723
1422596876,38.7953472,-77.0011841
1422597176,43.0932532,-75.319615
1422597476,-34.7756404,-58.3102081
1422597776,36.109702,-115.1710603
1422598076,40.0306101,-75.6335153
1422598376,-34.7756404,-58.3102081
1422598676,41.5478305,-72.5070592
1422598976,43.3569967,-4.5133667
1422599276,44.8455611,-92.7046211
1422599576,40.6496938,-111.9163816
1422599876,59.5272692,17.5817477
1422600176,33.9427082,-83.75078310000001
1422600476,32.6790282,-97.4160723
1422600776,39.6425616,-79.96363820000001
1422601076,43.3569967,-4.5133667
1422601376,34.9531013,127.7005256
1422601676,32.6790282,-97.4160723
1422601976,43.0932532,-75.319615
1422602276,-23.2980801,-45.9846493
1422602576,43.3569967,-4.5133667
1422602876,38.6383409,-93.913004
1422603176,43.3569967,-4.5133667
1422603476,44.8035217,-95.12524329999999
1422603776,38.006454,-87.069467
1422604076,-34.7756404,-58.3102081
1422604376,43.3569967,-4.5133667
1422604676,40.0306101,-75.6335153
1422604976,33.9427082,-83.75078310000001
1422605276,43.3569967,-4.5133667
1422605576,-23.2980801,-45.9846493
1422605876,40.7569245,-91.0597867
1422606176,38.006454,-87.069467
1422606476,44.8035217,-95.12524329999999
1422606776,30.2894808,-90.86792130000001
1422607076,40.0306101,-75.6335153
1422607376,32.6790282,-97.4160723
1422607676,-34.7756404,-58.3102081
1422607976,-34.7756404,-58.3102081
1422608276,40.6496938,-111.9163816
1422608576,17.5334398,-99.5026045
1422608876,-23.2980801,-45.9846493
1422609176,41.475117,26.682942
1422609476,44.8455611,-92.7046211
1422609776,35.8226401,-86.8240799
1422610076,35.8226401,-86.8240799
1422610376,38.861219,-95.31667330000001
1422610676,44.8455611,-92.7046211
1422610976,34.9531013,127.7005256
1422611276,38.7953472,-77.0011841
1422611576,43.3569967,-4.5133667
1422611876,41.475117,26.682942
1422612176,-19.7574326,-43.8815181
1422612476,44.8035217,-95.12524329999999
1422612776,43.3569967,-4.5133667
1422613076,38.6383409,-93.913004
1422613376,37.539617,-88.1134989
1422613676,41.4989742,-81.3554549
1422613976,40.0306101,-75.6335153
1422614276,38.006454,-87.069467
1422614576,43.0932532,-75.319615
1422614876,42.5648436,-113.6293456
1422615176,38.861219,-95.31667330000001
1422615476,48.1759785,-122.5295356
1422615776,43.0932532,-75.319615
1422616076,43.0932532,-75.319615
1422616376,51.4424729,7.2586558
1422616676,43.0932532,-75.319615
1422616976,34.4950192,-94.7703393
1422617276,34.4950192,-94.7703393
1422617576,-34.7756404,-58.3102081
1422617876,44.8455611,-92.7046211
1422618176,34.9531013,127.7005256
1422618476,40.3004532,-111.7160021
1422618776,43.3569967,-4.5133667
1422619076,44.8035217,-95.12524329999999
1422619376,-23.2980801,-45.9846493
1422619676,33.9427082,-83.75078310000001
1422619976,-34.7756404,-58.3102081
1422620276,32.6790282,-97.4160723
1422620576,44.8035217,-95.12524329999999
1422620876,41.475117,26.682942
1422621176,40.3004532,-111.7160021
1422621476,40.0306101,-75.6335153
1422621776,41.4989742,-81.3554549
1422622076,41.4989742,-81.3554549
1422622376,-34.7756404,-58.3102081
1422622676,40.0306101,-75.6335153
1422622976,32.6790282,-97.4160723
1422623276,38.6383409,-93.913004
1422623576,40.0306101,-75.6335153
1422623876,35.8226401,-86.8240799
1422624176,40.0306101,-75.6335153
1422624476,40.1773188,-88.7897735
1422624776,-23.2980801,-45.9846493
1422625076,32.6790282,-97.4160723
1422625376,-34.7756404,-58.3102081
1422625676,48.1759785,-122.5295356
1422625976,41.4989742,-81.3554549
1422626276,48.1759785,-122.5295356
1422626576,43.3569967,-4.5133667
1422626876,40.0306101,-75.6335153
1422627176,43.3569967,-4.5133667
1422627476,40.3004532,-111.7160021
1422627776,-34.7756404,-58.3102081
1422628076,17.5334398,-99.5026045
1422628376,43.3569967,-4.5133667
1422628676,38.006454,-87.069467
1422628976,35.8226401,-86.8240799
1422629276,43.3569967,-4.5133667
1422629576,44.8455611,-92.7046211
1422629876,43.0932532,-75.319615
1422630176,43.0932532,-75.319615
1422630476,43.0932532,-75.319615
1422630776,40.0306101,-75.6335153
1422631076,17.5334398,-99.5026045
1422631376,32.6790282,-97.4160723
1422631676,43.3569967,-4.5133667
1422631976,-34.7756404,-58.3102081
1422632276,35.8226401,-86.8240799
1422632576,38.7953472,-77.0011841
1422632876,43.0932532,-75.319615
1422633176,40.6496938,-111.9163816
1422633476,43.0932532,-75.319615
1422633776,17.5334398,-99.5026045
1422634076,34.4950192,-94.7703393
1422634376,32.6790282,-97.4160723
1422634676,14.6137314,120.9939451
1422634976,41.475117,26.682942
1422635276,44.8035217,-95.12524329999999
1422635576,43.3569967,-4.5133667
1422635876,36.583588,-80.779662
1422636176,40.0306101,-75.6335153
1422636476,41.4989742,-81.3554549
1422636776,-34.7756404,-58.3102081
1422637076,44.8035217,-95.12524329999999
1422637376,41.4989742,-81.3554549
1422637676,43.3569967,-4.5133667
1422637976,43.3569967,-4.5133667
1422638276,34.4950192,-94.7703393
1422638576,33.9427082,-83.75078310000001
1422638876,43.3569967,-4.5133667
1422639176,33.9427082,-83.75078310000001
1422639476,-23.2980801,-45.9846493
1422639776,43.3569967,-4.5133667
1422640076,42.2498991,-84.4358417
1422640376,32.6790282,-97.4160723
1422640676,44.8035217,-95.12524329999999
1422640976,-34.7756404,-58.3102081
1422641276,17.5334398,-99.5026045
1422641576,48.1759785,-122.5295356
1422641876,38.7953472,-77.0011841
1422642176,38.7953472,-77.0011841
1422642476,37.539617,-88.1134989
1422642776,43.0932532,-75.319615
1422643076,36.583588,-80.779662
1422643376,42.2498991,-84.4358417
1422643676,44.8035217,-95.12524329999999
1422643976,-34.7756404,-58.3102081
1422644276,43.3569967,-4.5133667
1422644576,32.6790282,-97.4160723
1422644876,43.3569967,-4.5133667
1422645176,43.3569967,-4.5133667
1422645476,44.8455611,-92.7046211
1422645776,22.708371,120.4242401
1422646076,43.3569967,-4.5133667
1422646376,-23.2980801,-45.9846493
1422646676,40.0306101,-75.6335153
1422646976,36.583588,-80.779662
1422647276,41.4989742,-81.3554549
1422647576,40.0306101,-75.6335153
1422647876,40.0306101,-75.6335153
1422648176,32.6790282,-97.4160723
1422648476,40.6496938,-111.9163816
1422648776,40.6496938,-111.9163816
1422649076,34.5376309,-82.6536886
1422649376,38.006454,-87.069467
1422649676,-34.7756404,-58.3102081
1422649976,40.0306101,-75.6335153
1422650276,38.6383409,-93.913004
1422650576,40.7569245,-91.0597867
1422650876,36.583588,-80.779662
1422651176,48.1759785,-122.5295356
1422651476,43.3569967,-4.5133667
1422651776,43.0932532,-75.319615
1422652076,37.539617,-88.1134989
1422652376,26.9042123,88.72617459999999
1422652676,44.8455611,-92.7046211
1422652976,43.0932532,-75.319615
1422653276,34.9531013,127.7005256
1422653576,43.0932532,-75.319615
1422653876,43.0932532,-75.319615
1422654176,-34.7756404,-58.3102081
1422654476,32.6790282,-97.4160723
1422654776,32.6790282,-97.4160723
1422655076,37.539617,-88.1134989
1422655376,43.3569967,-4.5133667
1422655676,35.9661733,50.7171105
1422655976,43.3569967,-4.5133667
1422656276,17.5334398,-99.5026045
1422656576,43.3569967,-4.5133667
1422656876,43.3569967,-4.5133667
1422657176,40.0306101,-75.6335153
1422657476,40.0306101,-75.6335153
1422657776,34.9531013,127.7005256
1422658076,-15.7471926,-43.0339959
1422658376,50.205191,13.8983319
1422658676,43.3569967,-4.5133667
1422658976,43.3569967,-4.5133667
1422659276,32.6790282,-97.4160723
1422659576,-23.2980801,-45.9846493
1422659876,43.3569967,-4.5133667
1422660176,22.708371,120.4242401
1422660476,48.9407582,127.4979627
1422660776,35.8226401,-86.8240799
1422661076,43.3569967,-4.5133667
1422661376,48.1759785,-122.5295356
1422661676,43.3569967,-4.5133667
1422661976,42.5648436,-113.6293456
1422662276,-34.7756404,-58.3102081
1422662576,43.0932532,-75.319615
1422662876,-23.2980801,-45.9846493
1422663176,41.4989742,-81.3554549
1422663476,43.0932532,-75.319615
1422663776,43.3569967,-4.5133667
1422664076,40.0306101,-75.6335153
1422664376,-34.7756404,-58.3102081
1422664676,43.3569967,-4.5133667
1422664976,34.4950192,-94.7703393
1422665276,43.0932532,-75.319615
1422665576,43.0932532,-75.319615
1422665876,43.0932532,-75.319615
1422666176,51.4424729,7.2586558
1422666476,48.1759785,-122.5295356
1422666776,48.1759785,-122.5295356
1422667076,41.4989742,-81.3554549
1422667376,38.7953472,-77.0011841
1422667676,17.5334398,-99.5026045
1422667976,43.3569967,-4.5133667
1422668276,43.3569967,-4.5133667
1422668576,38.7953472,-77.0011841
1422668876,17.5334398,-99.5026045
1422669176,36.583588,-80.779662
1422669476,51.4424729,7.2586558
1422669776,-34.7756404,-58.3102081
1422670076,52.136954,-106.6858427
1422670376,52.136954,-106.6858427
1422670676,41.475117,26.682942
1422670976,51.4424729,7.2586558
1422671276,42.843648,-80.2834174
1422671576,40.6496938,-111.9163816
1422671876,43.3569967,-4.5133667
1422672176,17.5334398,-99.5026045
1422672476,43.3569967,-4.5133667
1422672776,32.6790282,-97.4160723
1422673076,37.2832355,-3.6587942
1422673376,43.3569967,-4.5133667
1422673676,43.3569967,-4.5133667
1422673976,40.3004532,-111.7160021
1422674276,43.3569967,-4.5133667
1422674576,32.6790282,-97.4160723
1422674876,38.006454,-87.069467
1422675176,33.9427082,-83.75078310000001
1422675476,32.6790282,-97.4160723
1422675776,43.3569967,-4.5133667
1422676076,48.1759785,-122.5295356
1422676376,37.539617,-88.1134989
1422676676,36.109702,-115.1710603
1422676976,43.3569967,-4.5133667
1422677276,43.3569967,-4.5133667
1422677576,40.0306101,-75.6335153
1422677876,41.4989742,-81.3554549
1422678176,44.8455611,-92.7046211
1422678476,44.8455611,-92.7046211
1422678776,40.0306101,-75.6335153
1422679076,40.0306101,-75.6335153
1422679376,43.3569967,-4.5133667
1422679676,26.865626,75.76900809999999
1422679976,32.6790282,-97.4160723
1422680276,48.1759785,-122.5295356
1422680576,43.0932532,-75.319615
1422680876,40.0306101,-75.6335153
1422681176,-23.2980801,-45.9846493
1422681476,-15.7471926,-43.0339959
1422681776,43.3569967,-4.5133667
1422682076,-34.7756404,-58.3102081
1422682376,51.4424729,7.2586558
1422682676,51.4424729,7.2586558
1422682976,-23.2980801,-45.9846493
1422683276,43.3569967,-4.5133667
1422683576,43.3569967,-4.5133667
1422683876,40.0306101,-75.6335153
1422684176,43.3569967,-4.5133667
1422684476,40.6496938,-111.9163816
1422684776,37.539617,-88.1134989
1422685076,43.3569967,-4.5133667
1422685376,43.3569967,-4.5133667
1422685676,43.3569967,-4.5133667
1422685976,-34.7756404,-58.3102081
1422686276,43.3569967,-4.5133667
1422686576,40.0306101,-75.6335153
1422686876,42.2498991,-84.4358417
1422687176,40.0306101,-75.6335153
1422687476,36.583588,-80.779662
1422687776,40.0306101,-75.6335153
1422688076,36.583588,-80.779662
1422688376,36.109702,-115.1710603
1422688676,43.3569967,-4.5133667
1422688976,20.9859186,105.4174259
1422689276,37.539617,-88.1134989
1422689576,43.3569967,-4.5133667
1422689876,-34.7756404,-58.3102081
1422690176,38.7953472,-77.0011841
1422690476,43.3569967,-4.5133667
1422690776,-34.7756404,-58.3102081
1422691076,37.325964,-2.2909196
1422691376,48.1759785,-122.5295356
1422691676,32.6790282,-97.4160723
1422691976,48.1759785,-122.5295356
1422692276,43.0932532,-75.319615
1422692576,48.1759785,-122.5295356
1422692876,43.0932532,-75.319615
1422693176,37.539617,-88.1134989
1422693476,43.3569967,-4.5133667
1422693776,38.7953472,-77.0011841
1422694076,14.6137314,120.9939451
1422694376,43.3569967,-4.5133667
1422694676,36.109702,-115.1710603
1422694976,40.0306101,-75.6335153
1422695276,43.0932532,-75.319615
1422695576,38.3878814,-120.9075301
1422695876,34.9531013,127.7005256
1422696176,-34.7756404,-58.3102081
1422696476,48.1759785,-122.5295356
1422696776,32.6790282,-97.4160723
1422697076,43.3569967,-4.5133667
1422697376,43.0932532,-75.319615
1422697676,43.3569967,-4.5133667
1422697976,43.0932532,-75.319615
1422698276,44.8035217,-95.12524329999999
1422698576,35.8226401,-86.8240799
1422698876,43.3569967,-4.5133667
1422699176,38.861219,-95.31667330000001
1422699476,40.3004532,-111.7160021
1422699776,43.3569967,-4.5133667
1422700076,40.3004532,-111.7160021
1422700376,-34.7756404,-58.3102081
1422700676,-23.2980801,-45.9846493
1422700976,-23.2980801,-45.9846493
1422701276,43.3569967,-4.5133667
1422701576,38.861219,-95.31667330000001
1422701876,43.3569967,-4.5133667
1422702176,43.3569967,-4.5133667
1422702476,41.4989742,-81.3554549
1422702776,34.9531013,127.7005256
1422703076,40.0306101,-75.6335153
1422703376,40.3004532,-111.7160021
1422703676,59.5272692,17.5817477
1422703976,42.2498991,-84.4358417
1422704276,43.3569967,-4.5133667
1422704576,43.3569967,-4.5133667
1422704876,32.6790282,-97.4160723
1422705176,40.0306101,-75.6335153
1422705476,41.475117,26.682942
1422705776,-16.5291155,-54.2547635
1422706076,43.0932532,-75.319615
1422706376,37.539617,-88.1134989
1422706676,34.5376309,-82.6536886
1422706976,36.109702,-115.1710603
1422707276,43.3569967,-4.5133667
1422707576,37.539617,-88.1134989
1422707876,43.3569967,-4.5133667
1422708176,17.5334398,-99.5026045
1422708476,38.7953472,-77.0011841
1422708776,36.109702,-115.1710603
1422709076,40.3004532,-111.7160021
1422709376,25.4306779,-101.0049207
1422709676,43.3569967,-4.5133667
1422709976,43.3569967,-4.5133667
1422710276,25.4306779,-101.0049207
1422710576,32.6790282,-97.4160723
1422710876,38.861219,-95.31667330000001
1422711176,40.0306101,-75.6335153
1422711476,36.109702,-115.1710603
1422711776,43.3569967,-4.5133667
1422712076,-34.7756404,-58.3102081
1422712376,38.006454,-87.069467
1422712676,43.3569967,-4.5133667
1422712976,43.3569967,-4.5133667
1422713276,44.8035217,-95.12524329999999
1422713576,-34.7756404,-58.3102081
1422713876,32.6790282,-97.4160723
1422714176,43.3569967,-4.5133667
1422714476,37.539617,-88.1134989
1422714776,40.6496938,-111.9163816
1422715076,21.0139416,-101.8602917
1422715376,-34.7756404,-58.3102081
1422715676,-34.7756404,-58.3102081
1422715976,43.3569967,-4.5133667
1422716276,35.8226401,-86.8240799
1422716576,38.861219,-95.31667330000001
1422716876,44.8455611,-92.7046211
1422717176,43.3569967,-4.5133667
1422717476,-34.7756404,-58.3102081
1422717776,41.475117,26.682942
1422718076,39.8660499,-76.9835186
1422718376,34.7890334,-79.4579134
1422718676,38.851333,-77.0445
1422718976,34.782652,-96.6699033
1422719276,31.7438371,-106.2618077
1422719576,40.1686803,-76.1827663
1422719876,43.6942179,-79.4387747
1422720176,40.6535363,-73.9393075
1422720476,35.096613,-106.6308796
1422720776,-1.4351807,-48.4607708
1422721076,38.8052466,-77.04857010000001
1422721376,40.6260656,-75.4138421
1422721676,40.6260656,-75.4138421
1422721976,34.0928226,-84.2810587
1422722276,40.6943561,-73.9318416
1422722576,40.4709966,-78.4219014
1422722876,40.4709966,-78.4219014
1422723176,39.7665844,-84.1793467
1422723476,40.393659,-111.7888681
1422723776,42.35368,-72.47536340000001
1422724076,40.6958093,-73.3804454
1422724376,48.1759785,-122.5295356
1422724676,48.1759785,-122.5295356
1422724976,48.1759785,-122.5295356
1422725276,48.1759785,-122.5295356
1422725576,36.109702,-115.1710603
1422725876,33.8446731,-117.9168843
1422726176,38.8066958,-76.880506
1422726476,38.8885286,-77.18082
1422726776,38.978835,-76.49109970000001
1422727076,33.7816368,-85.69142600000001
1422727376,40.2618675,-76.52303790000001
1422727676,28.6336477,-106.022483
1422727976,44.2729753,-88.4188023
1422728276,27.8835162,-97.1488739
1422728576,27.0171674,-81.9584363
1422728876,39.9313077,-77.2761599
1422729176,38.8052466,-77.04857010000001
1422729476,48.1880603,-122.2193273
1422729776,39.0969,-77.5312382
1422730076,35.4978515,-82.6082396
1422730376,37.752519,-77.4812451
1422730676,40.4832805,-77.25071269999999
1422730976,40.7686297,-73.9094393
1422731276,41.9697254,-76.5301122
1422731576,33.760675,-84.3896546
1422731876,39.4345432,-74.5116371
1422732176,28.0666334,-81.81726070000001
1422732476,47.2729392,-122.24721
1422732776,33.4740852,-81.9886035
1422733076,33.4740852,-81.9886035
1422733376,5.0674946,-75.5484755
1422733676,30.170144,-97.9429768
1422733976,30.170144,-97.9429768
1422734276,41.4840121,-95.3364096
1422734576,39.8283424,-75.7853052
1422734876,36.0813649,-79.4348368
1422735176,28.578619,-81.338037
1422735476,43.014774,-73.76875200000001
1422735776,39.2991294,-76.6130114
1422736076,39.2991294,-76.6130114
1422736376,38.4293575,-82.381224
1422736676,41.297445,2.0832941
1422736976,44.4327903,-68.26866990000001
1422737276,41.0094861,-75.2817941
1422737576,-23.2980801,-45.9846493
1422737876,43.0056929,-78.1882315
1422738176,35.7376284,-91.6391043
1422738476,40.6093377,-74.0152178
1422738776,40.1074588,-74.86433049999999
1422739076,18.5071478,-69.8489737
1422739376,18.4309438,-66.189009
1422739676,40.7156172,-74.13178019999999
1422739976,38.5295985,-77.72729150000001
1422740276,38.5295985,-77.72729150000001
1422740576,40.7260596,-80.6136121
1422740876,40.3250075,-75.6360499
1422741176,40.2126792,-76.9798589
1422741476,40.6645413,116.5747675
1422741776,38.9928173,-76.9426216
1422742076,39.5362182,-76.36551590000001
1422742376,40.8852892,-77.8163572
1422742676,39.4634616,-96.3334632
1422742976,40.6094616,-77.7286052
1422743276,47.6191831,-122.2217194
1422743576,48.6733842,-122.3888657
1422743876,31.6045374,-97.0816415
1422744176,35.7496289,-80.32503819999999
1422744476,38.8290534,-94.5384238
1422744776,39.0408061,-76.9039983
1422745076,40.0895815,-74.9044435
1422745376,36.2786587,-94.304294
1422745676,39.6266294,-78.2285677
1422745976,39.6266294,-78.2285677
1422746276,39.6266294,-78.2285677
1422746576,38.249304,-75.1556726
1422746876,41.0695568,-76.2160813
1422747176,40.041513,-75.46099049999999
1422747476,38.5415073,-75.075992
1422747776,8.9458024,-79.6376537
1422748076,40.3216847,-80.0377739
1422748376,41.0429591,-79.42782990000001
1422748676,41.0429591,-79.42782990000001
1422748976,39.8482468,-77.2318583
1422749276,39.6242837,-77.95340349999999
1422749576,48.1759785,-122.5295356
1422749876,48.1759785,-122.5295356
1422750176,42.0948208,-75.8409187
1422750476,40.0517663,-76.2949663
1422750776,33.5053713,-86.8498615
1422751076,37.2079821,-80.410066
1422751376,40.3406306,-77.51292650000001
1422751676,40.3406306,-77.51292650000001
1422751976,43.3569967,-4.5133667
1422752276,41.8974467,-88.08221469999999
1422752576,40.4291894,-76.0316711
1422752876,40.4167712,-80.0651761
1422753176,36.5805831,-82.2362603
1422753476,40.0306101,-75.6335153
1422753776,40.0306101,-75.6335153
1422754076,40.491667,-111.9
1422754376,26.3818278,-80.1067985
1422754676,40.1967082,-77.0489572
1422754976,40.1967082,-77.0489572
1422755276,40.1967082,-77.0489572
1422755576,39.5212822,-77.6241938
1422755876,40.9022743,-74.3965334
1422756176,39.8021156,-75.47370100000001
1422756476,40.0809152,-74.843113
1422756776,40.0809152,-74.843113
1422757076,42.33193,-71.0712035
1422757376,40.2049708,-76.0179352
1422757676,44.1977636,-103.5346351
1422757976,39.0630117,-78.0639017
1422758276,27.5358495,-82.5077804
1422758576,40.0306101,-75.6335153
1422758876,43.9005518,-72.58375169999999
1422759176,42.876885,-72.56035199999999
1422759476,-32.8195702,-60.7107695
1422759776,38.3620628,-104.7247859
1422760076,41.3134373,-81.62695600000001
1422760376,40.033834,-78.18467560000001
1422760676,47.5687688,-122.623662
1422760976,36.0085726,-86.80397189999999
1422761276,39.2972505,-80.2286723
1422761576,44.241261,-73.12075040000001
1422761876,38.6837795,-77.4876616
1422762176,39.9061895,-76.4174814
1422762476,36.0254037,-95.7963057
1422762776,40.8622885,-73.8774205
1422763076,45.1068272,-93.3744782
1422763376,42.0586949,-84.2397094
1422763676,40.653443,-73.944373
1422763976,28.4695213,-82.4552678
1422764276,41.2345747,-79.0116
1422764576,31.1750136,-81.4843066
1422764876,31.1750136,-81.4843066
1422765176,39.2781317,-76.65874549999999
1422765476,43.9088406,-69.9617058
1422765776,9.0261499,-79.50010930000001
1422766076,38.8527444,-77.0512501
1422766376,34.5744925,-120.1935952
1422766676,42.8564049,-78.8654159
1422766976,36.2922647,-83.09603559999999
1422767276,34.167277,-118.341642
1422767576,39.5511094,-75.2091674
1422767876,44.4013805,-73.1465724
1422768176,41.9769366,-76.7409971
1422768476,41.955411,-78.653313
1422768776,40.7387428,-79.92450959999999
1422769076,35.9494846,-78.90652919999999
1422769376,42.9897759,-84.17516019999999
1422769676,49.265215,-122.952127
1422769976,51.4607414,-0.215877
1422770276,38.5673147,-76.06099690000001
1422770576,39.8914235,-75.09616
1422770876,41.6879546,-78.6497586
1422771176,40.2451983,-76.9048133
1422771476,40.2451983,-76.9048133
1422771776,40.2405048,-76.8428665
1422772076,45.4691023,-122.6876392
1422772376,34.3934233,-103.3193539
1422772676,39.4583035,-74.7241447
1422772976,39.7818994,-74.2251942
1422773276,38.9336338,-74.9080901
1422773576,40.0306101,-75.6335153
1422773876,41.2357767,-75.9124679
1422774176,40.187778,-77.174164
1422774476,40.187778,-77.174164
1422774776,37.9122342,-77.4417768
1422775076,9.2996219,76.42021029999999
1422775376,46.360685,-79.4012307
1422775676,33.7578612,-78.96653499999999
1422775976,33.0388675,-96.92949710000001
1422776276,40.187778,-77.174164
1422776576,53.5443517,-113.275098
1422776876,36.1519272,-89.699905
1422777176,38.7090675,-76.9931618
1422777476,40.3042881,-78.1013454
1422777776,39.645177,-77.5752696
1422778076,43.3569967,-4.5133667
1422778376,42.0283853,-91.6455246
1422778676,28.3264194,-81.541543
1422778976,40.8454591,-77.71557420000001
1422779276,40.8454591,-77.71557420000001
1422779576,39.8409974,-77.2586677
1422779876,41.428376,-81.393771
1422780176,40.0823367,-74.9816739
1422780476,39.8409974,-77.2586677
1422780776,39.7206828,-77.4674162
1422781076,39.7206828,-77.4674162
1422781376,39.8409974,-77.2586677
1422781676,39.8409974,-77.2586677
1422781976,39.8409974,-77.2586677
1422782276,39.8409974,-77.2586677
1422782576,39.8409974,-77.2586677
1422782876,39.8409974,-77.2586677
1422783176,45.1712897,-93.3924341
1422783476,39.8409974,-77.2586677
1422783776,33.2932882,-111.8417249
1422784076,32.787049,-79.95082499999999
1422784376,39.2537864,-77.8119009
1422784676,38.7736136,-81.3638143
1422784976,35.2382839,-80.8434396
1422785276,35.2382839,-80.8434396
1422785576,46.2283783,-63.127151
1422785876,35.0411026,-85.29566920000001
1422786176,35.0411026,-85.29566920000001
1422786476,51.4869087,-0.1515052
1422786776,39.9388795,-75.0150775
1422787076,36.8558482,-76.2088079
1422787376,38.661945,-90.6511079
1422787676,38.9625144,-76.3373972
1422787976,38.9928231,-76.94347089999999
1422788276,41.8911395,-87.6115824
1422788576,41.8911395,-87.6115824
1422788876,37.9352512,-75.46009050000001
1422789176,37.4940651,-79.89164460000001
1422789476,50.9495142,-114.1440623
1422789776,39.106044,-84.5074018
1422790076,45.4106828,-122.5774039
1422790376,43.1842725,1.5949766
1422790676,43.2997821,-72.26838890000001
1422790976,40.6569287,-74.3649281
1422791276,39.2444837,-77.2873574
1422791576,30.4640825,-85.17713740000001
1422791876,36.5395408,-87.3639605
1422792176,36.5395408,-87.3639605
1422792476,40.1735447,-74.7969319
1422792776,36.662608,-82.1195756
1422793076,41.1489883,-112.0422364
1422793376,39.1731621,-77.2716502
1422793676,39.9167511,-78.3839036
1422793976,27.966204,-82.55045800000001
1422794276,34.9224633,-79.9852503
1422794576,40.3294898,-76.4794701
1422794876,28.6277747,-81.8028549
1422795176,41.4967328,-81.68407670000001
1422795476,35.1571054,-84.8870488
1422795776,35.1571054,-84.8870488
1422796076,39.9263474,-75.30690250000001
1422796376,34.0816913,-118.3182979
1422796676,39.2825418,-76.56972279999999
1422796976,45.6729915,-73.590018
1422797276,40.5202905,-79.20795560000001
1422797576,39.8684104,-75.82851580000001
1422797876,41.5991553,-80.1466188
1422798176,28.3509272,-80.72770439999999
1422798476,25.7255,-80.244731
1422798776,25.7255,-80.244731
1422799076,44.5303661,-109.0635742
1422799376,41.3437162,-77.1070974
1422799676,40.1592583,-75.4663879
1422799976,38.8445461,-104.7209231
1422800276,38.801712,-104.7026039
1422800576,38.801712,-104.7026039
1422800876,45.4322278,-76.8248818
1422801176,38.7953472,-77.0011841
1422801476,38.9508717,-92.3233965
1422801776,8.977601399999999,-79.52872840000001
1422802076,8.977601399999999,-79.52872840000001
1422802376,34.0702777,-80.9111111
1422802676,32.4516777,-84.9813939
1422802976,32.779931,-89.10411379999999
1422803276,32.779931,-89.10411379999999
1422803576,39.9479371,-82.9715987
1422803876,39.9479371,-82.9715987
1422804176,39.8672376,-75.4687868
1422804476,39.958889,-79.657219
1422804776,40.1043811,-75.32149750000001
1422805076,33.9213311,-78.9097349
1422805376,32.938493,-97.067519
1422805676,42.9944951,-78.4245911
1422805976,35.9772226,-75.6479743
1422806276,27.8019716,-97.3941588
1422806576,49.869506,-97.1569423
1422806876,41.7354542,-77.9396776
1422807176,25.5882835,-103.4674148
1422807476,40.3082673,-74.4919634
1422807776,41.7459901,-71.47006949999999
1422808076,39.6540216,-78.7745714
1422808376,33.125544,-91.9640589
1422808676,38.4215681,-81.7981839
1422808976,38.000534,-78.851826
1422809276,38.4740025,-78.0103836
1422809576,39.6431573,-78.7583171
1422809876,40.3391975,-76.4256013
1422810176,28.345047,-82.184099
1422810476,38.5425514,-75.257743
1422810776,40.120681,-85.54839699999999
1422811076,37.312286,-79.9554869
1422811376,40.4444172,-79.9120123
1422811676,40.11181,-76.953703
1422811976,32.7902487,-96.7905239
1422812276,32.7902487,-96.7905239
1422812576,40.9500538,-76.6419604
1422812876,40.3693678,-76.9647183
1422813176,41.5286378,-90.56970010000001
1422813476,40.2270204,-78.936414
1422813776,26.1073315,-80.1524311
1422814076,29.14059,-81.01336999999999
1422814376,40.7536383,-73.9991989
1422814676,25.8084475,-108.9760331
1422814976,38.9942779,-77.8848291
1422815276,63.6451022,-148.7981242
1422815576,62.77,-150.0533333
1422815876,39.683983,-104.9775659
1422816176,40.2278777,-76.1146191
1422816476,39.5764705,-78.97227030000001
1422816776,42.3316726,-83.0581138
1422817076,42.3316726,-83.0581138
1422817376,38.7128125,-75.0997399
1422817676,41.4785388,-75.5997558
1422817976,40.086829,-77.00241080000001
1422818276,40.086829,-77.00241080000001
1422818576,42.8457469,-84.1780777
1422818876,37.8594299,-77.47604440000001
1422819176,39.1733178,-75.4509426
1422819476,39.1733178,-75.4509426
1422819776,40.2130335,-76.9784136
1422820076,36.4752388,-87.948491
1422820376,40.5320498,-79.85320160000001
1422820676,41.7941246,-88.0230722
1422820976,40.0010549,-75.72540720000001
1422821276,40.0010549,-75.72540720000001
1422821576,43.6486434,-79.38239009999999
1422821876,40.2134179,-77.6999909
1422822176,40.3042839,-75.1492516
1422822476,40.3042839,-75.1492516
1422822776,40.4188069,-111.8634286
1422823076,39.952833,-75.30951
1422823376,48.1759785,-122.5295356
1422823676,41.3898578,-75.6649793
1422823976,40.1984977,-79.95382410000001
1422824276,40.1984977,-79.95382410000001
1422824576,39.9677704,-83.03291919999999
1422824876,37.2043255,-81.3814947
1422825176,41.1284554,-78.7627251
1422825476,41.1229248,-78.7312977
1422825776,35.9772226,-75.6479743
1422826076,38.9008828,-77.5538974
1422826376,34.0662639,-84.181084
1422826676,46.8669763,-92.8751482
1422826976,51.4424729,7.2586558
1422827276,40.426627,-77.00637450000001
1422827576,40.426627,-77.00637450000001
1422827876,40.0375089,-75.21047369999999
1422828176,35.2661016,-90.4617697
1422828476,39.9495,-77.104232
1422828776,42.2332494,-71.1609217
1422829076,42.1392338,-88.0244041
1422829376,40.1821135,-75.99258330000001
1422829676,40.7769271,-73.8739659
1422829976,40.6914361,-80.2817508
1422830276,43.9209745,-73.08649800000001
1422830576,38.7671678,-76.07109629999999
1422830876,38.7671678,-76.07109629999999
1422831176,40.1525775,-75.1214193
1422831476,41.951568,-79.983343
1422831776,39.4181948,-84.5748121
1422832076,40.3039318,-74.028294
1422832376,44.8158365,-91.49517640000001
1422832676,40.461113,-78.77527600000001
1422832976,39.9495,-77.104232
1422833276,44.7910839,-93.515731
1422833576,39.1289081,-88.54920199999999
1422833876,40.2451983,-76.9048133
1422834176,40.3870639,-75.92109720000001
1422834476,40.208611,-76.6254136
1422834776,40.208611,-76.6254136
1422835076,40.5474497,-76.83741929999999
1422835376,49.8388853,-119.600481
1422835676,41.9989842,-88.00443749999999
1422835976,41.565729,-87.27375910000001
1422836276,-28.7478541,24.7550131
1422836576,-28.7478541,24.7550131
1422836876,39.199558,-76.6784986
1422837176,45.3037339,-93.5990779
1422837476,42.252778,-78.74246170000001
1422837776,40.3889725,-77.28887400000001
1422838076,40.3889725,-77.28887400000001
1422838376,37.561139,-77.4503831
1422838676,38.737378,-77.57684399999999
1422838976,44.1439159,-103.0701564
1422839276,41.8997962,-87.94085219999999
1422839576,41.8997962,-87.94085219999999
1422839876,33.4563333,-112.3238911
1422840176,40.7532924,-74.21653689999999
1422840476,35.2044714,-114.2957202
1422840776,33.904063,-118.3960476
1422841076,40.1464965,-75.8255738
1422841376,40.1464965,-75.8255738
1422841676,40.88977,-76.5583079
1422841976,39.959201,-76.7516799
1422842276,39.6331397,-77.4071477
1422842576,39.6331397,-77.4071477
1422842876,33.0488179,-117.2746903
1422843176,35.2230323,-80.76941239999999
1422843476,54.892407,-2.9341574
1422843776,39.683983,-104.9775659
1422844076,40.2451983,-76.9048133
1422844376,40.2451983,-76.9048133
1422844676,40.2703512,-76.95184980000001
1422844976,40.0948831,-76.3495947
1422845276,40.2455128,-76.183183
1422845576,40.2455128,-76.183183
1422845876,43.3569967,-4.5133667
1422846176,42.1355726,-80.0590474
1422846476,42.1355726,-80.0590474
1422846776,60.2371163,24.6554828
1422847076,39.3100478,-76.4688819
1422847376,39.9064044,-75.2237068
1422847676,41.0634269,-75.167957
1422847976,40.1302518,-76.7452682
1422848276,40.1302518,-76.7452682
1422848576,79.995496,-85.816123
1422848876,38.006454,-87.069467
1422849176,40.002265,-78.3696789
1422849476,41.656082,-80.4126842
1422849776,36.109702,-115.1710603
1422850076,40.0306101,-75.6335153
1422850376,40.0306101,-75.6335153
1422850676,64.8365457,-147.7227425
1422850976,39.289308,-84.50775
1422851276,38.8567299,-77.3632161
1422851576,40.6706324,-74.27702069999999
1422851876,39.4012764,-84.54216510000001
1422852176,39.4012764,-84.54216510000001
1422852476,39.7649898,-77.3818302
1422852776,39.7649898,-77.3818302
1422853076,39.5217564,-77.7543826
1422853376,37.539617,-88.1134989
1422853676,39.108952,-79.49157700000001
1422853976,39.5681629,-77.8838516
1422854276,39.4991211,-76.4085802
1422854576,40.0603536,-77.8187258
1422854876,40.0946904,-77.8188979
1422855176,44.7078471,-70.1848123
1422855476,40.994112,-111.907134
1422855776,51.8981709,-0.212498
1422856076,36.0701546,-94.168357
1422856376,34.9423404,-79.76443740000001
1422856676,39.8409974,-77.2586677
1422856976,39.8409974,-77.2586677
1422857276,38.4720791,-75.0512878
1422857576,-34.7756404,-58.3102081
1422857876,42.8986694,-78.9682026
1422858176,41.013599,-83.66860200000001
1422858476,39.5556045,-76.9657405
1422858776,38.0005249,-78.851905
1422859076,48.35769,11.8021239
1422859376,39.6840262,-76.74420240000001
1422859676,19.3856478,-81.4072216
1422859976,40.791767,-74.382929
1422860276,40.129086,-75.2026548
1422860576,49.2602766,-122.8647633
1422860876,49.2602766,-122.8647633
1422861176,38.7953472,-77.0011841
1422861476,36.680998,-87.4896809
1422861776,36.680998,-87.4896809
1422862076,40.615744,-105.107432
1422862376,39.4362336,-77.42062660000001
1422862676,26.2005619,-80.171437
1422862976,40.8401455,-74.00148470000001
1422863276,40.0545412,-77.9568412
1422863576,39.914235,-77.91056829999999
1422863876,39.914235,-77.91056829999999
1422864176,26.5847071,-81.8634132
1422864476,38.8906322,-77.0751259
1422864776,27.4409681,-80.3315542
1422865076,31.1851947,-92.92189260000001
1422865376,32.9160352,-97.3299659
1422865676,30.4113009,-86.6194352
1422865976,41.133717,-85.142274
1422866276,32.6790282,-97.4160723
1422866576,35.4113113,0.1261175
1422866876,40.7811215,-76.2416994
1422867176,36.7244203,-86.5889837
1422867476,40.7809271,-74.1683821
1422867776,40.7159397,-73.6708904
1422868076,39.0086203,-75.4646084
1422868376,39.471464,-77.4942226
1422868676,39.471464,-77.4942226
1422868976,38.2831307,-78.3995795
1422869276,38.2831307,-78.3995795
1422869576,38.2831307,-78.3995795
1422869876,39.1561769,-77.21668099999999
1422870176,40.2381666,-74.3198694
1422870476,43.8588173,-70.156137
1422870776,41.3557763,-83.0982683
1422871076,38.9293086,-78.1955665
1422871376,26.2005619,-80.171437
1422871676,40.0545412,-77.9568412
1422871976,39.914235,-77.91056829999999
1422872276,39.914235,-77.91056829999999
1422872576,26.5847071,-81.8634132
1422872876,27.4409681,-80.3315542
1422873176,32.6790282,-97.4160723
1422873476,39.627334,-77.729304
1422873776,39.627334,-77.729304
1422874076,35.1081835,-81.6206512
1422874376,29.6389546,-82.3422893
1422874676,38.80389,-77.181836
1422874976,39.0768283,-77.1606292
1422875276,39.0768283,-77.1606292
1422875576,36.9570592,-81.069903
1422875876,41.7415935,-77.5987573
1422876176,36.3834871,-86.4583071
1422876476,39.4345432,-74.5116371
1422876776,29.4248643,-95.0576325
1422877076,53.4862188,-9.989461199999999
1422877376,39.0398762,-76.6743468
1422877676,33.5793063,-79.02015919999999
1422877976,33.5968985,-79.02008789999999
1422878276,33.5968985,-79.02008789999999
1422878576,44.059206,-69.6868391
1422878876,41.5603375,-75.7744189
1422879176,42.6472968,-75.17183060000001
1422879476,19.3142381,84.7943064
1422879776,35.7123772,-83.5280873
1422880076,35.7123772,-83.5280873
1422880376,29.4248643,-95.0576325
1422880676,44.9749616,-84.68496469999999
1422880976,38.6897586,-75.3600955
1422881276,39.1579217,-77.28504390000001
1422881576,39.872907,-77.2420084
1422881876,39.872907,-77.2420084
1422882176,39.872907,-77.2420084
1422882476,40.6332951,-80.0033279
1422882776,40.2931731,-75.62625
1422883076,41.1478742,-80.64749399999999
1422883376,37.6619804,-77.4435287
1422883676,39.1558806,-76.6167943
1422883976,33.5383995,-112.0845863
1422884276,33.5383995,-112.0845863
1422884576,39.9459629,-80.75425130000001
1422884876,38.775754,-76.8816219
1422885176,40.1058263,-75.7563629
1422885476,39.3530518,-76.603475
1422885776,39.7294658,-105.1624044
1422886076,39.7294658,-105.1624044
1422886376,36.3147424,-86.71205019999999
1422886676,43.3569967,-4.5133667
1422886976,33.0235054,-79.991473
1422887276,40.0306101,-75.6335153
1422887576,40.3004532,-111.7160021
1422887876,-28.742609,24.7537029
1422888176,42.930117,-83.59571200000001
1422888476,42.5073048,-123.38714
1422888776,39.7056693,-79.0040381
1422889076,40.0306101,-75.6335153
1422889376,40.05301,-75.149039
1422889676,38.3303688,-82.9380441
1422889976,47.4941505,-111.2931932
1422890276,38.9939567,-76.8742306
1422890576,33.6426718,-117.6721617
1422890876,39.7264755,-77.72451820000001
1422891176,39.7264755,-77.72451820000001
1422891476,40.3105691,-79.5480996
1422891776,34.8356105,-82.42573280000001
1422892076,34.8356105,-82.42573280000001
1422892376,39.6311583,-86.12175240000001
1422892676,34.9424849,-82.2398553
1422892976,41.3228,-71.99895979999999
1422893276,39.9368218,-83.0425987
1422893576,41.3433462,-80.0807088
1422893876,35.3056978,-81.5237231
1422894176,30.3869144,-89.0651579
1422894476,39.3272466,-76.7170574
1422894776,39.627334,-77.729304
1422895076,39.627334,-77.729304
1422895376,39.627334,-77.729304
1422895676,39.627334,-77.729304
1422895976,39.627334,-77.729304
1422896276,39.199558,-76.6784986
1422896576,40.8224331,-79.9185829
1422896876,40.8224331,-79.9185829
1422897176,51.7527978,10.8730152
1422897476,53.60285,10.14959
1422897776,40.4441758,-79.9455565
1422898076,40.2201712,-74.770143
1422898376,40.2201712,-74.770143
1422898676,39.596021,-74.651493
1422898976,40.0361531,-76.4075581
1422899276,38.262164,-76.4662125
1422899576,38.262164,-76.4662125
1422899876,39.627334,-77.729304
1422900176,39.2792201,-76.61572409999999
1422900476,39.7929485,-77.0258607
1422900776,39.7929485,-77.0258607
1422901076,38.712596,-75.2799555
1422901376,35.553082,-76.63070930000001
1422901676,41.1984559,-80.240968
1422901976,39.627334,-77.729304
1422902276,40.2491822,-75.40377700000001
1422902576,39.3183718,-77.7587084
1422902876,40.2648222,-76.890398
1422903176,40.2648222,-76.890398
1422903476,36.3495654,-93.2963069
1422903776,38.4596832,-78.8700736
1422904076,41.7695673,-72.6592332
1422904376,41.0205516,-74.298644
1422904676,35.4149059,-75.493031
1422904976,39.5611871,-76.1131417
1422905276,38.6606115,-96.50015019999999
1422905576,41.2105475,-75.8958871
1422905876,39.9264239,-82.4936519
1422906176,39.5007335,-77.9638017
1422906476,46.5925115,-112.020457
1422906776,43.3569967,-4.5133667
1422907076,60.3221322,23.5211382
1422907376,60.3221322,23.5211382
1422907676,38.9640727,-77.38963889999999
1422907976,40.2774434,-76.58440539999999
1422908276,40.2774434,-76.58440539999999
1422908576,40.1311945,-75.399125
1422908876,40.6002155,-73.7438779
1422909176,40.2139057,-74.92959089999999
1422909476,43.9012037,-103.4460268
1422909776,43.9012037,-103.4460268
1422910076,40.5114054,-74.6610854
1422910376,32.206088,-80.6859844
1422910676,42.2527681,-70.91960090000001
1422910976,35.2345869,-85.18931600000001
1422911276,39.7672101,-75.59820379999999
1422911576,40.4709966,-78.4219014
1422911876,49.8787885,-119.3986096
1422912176,10.4915438,-66.8593705
1422912476,41.6000887,-75.2279525
1422912776,21.299953,-157.8189283
1422913076,21.299953,-157.8189283
1422913376,43.0932532,-75.319615
1422913676,36.8606244,-87.50350280000001
1422913976,40.2011105,-75.1671877
1422914276,34.3888559,-93.0017441
1422914576,29.7607854,-95.3639373
1422914876,29.7607854,-95.3639373
1422915176,8.914804699999999,-79.5959312
1422915476,41.1478742,-80.64749399999999
1422915776,39.729998,-104.923052
1422916076,42.4889367,-83.5028726
1422916376,43.3569967,-4.5133667
1422916676,43.3569967,-4.5133667
1422916976,40.1525013,-76.6084948
1422917276,40.2099595,-79.57745060000001
1422917576,40.4884047,-78.02441880000001
1422917876,38.4192496,-82.445154
1422918176,40.8814908,-73.4204062
1422918476,38.4293575,-82.381224
1422918776,34.7190547,-86.5726396
1422919076,34.7190547,-86.5726396
1422919376,39.500298,-76.635088
1422919676,35.984348,-87.81364499999999
1422919976,40.0430207,-78.0302617
1422920276,41.6408466,-111.8777646
1422920576,40.4559146,-77.35165360000001
1422920876,39.3639465,-77.3316426
1422921176,49.034328,-123.078994
1422921476,41.3880421,-82.5364354
1422921776,40.5123358,-79.25748830000001
1422922076,40.5123358,-79.25748830000001
1422922376,39.6311583,-86.12175240000001
1422922676,27.8544263,-82.8452072
1422922976,43.0932532,-75.319615
1422923276,27.8749031,-97.2170028
1422923576,53.345483,-6.2620799
1422923876,48.1759785,-122.5295356
1422924176,39.3598425,-78.04956199999999
1422924476,43.6987158,-80.4408466
1422924776,32.938493,-97.067519
1422925076,32.938493,-97.067519
1422925376,40.3274683,-79.7000977
1422925676,40.5580591,-74.3142608
1422925976,35.603075,-88.8141049
1422926276,30.3142343,-81.4046424
1422926576,36.7166448,-112.2146634
1422926876,40.68917,-73.873648
1422927176,38.5778316,-92.1860137
1422927476,39.6422148,-77.6994887
1422927776,32.8490618,-83.6022207
1422928076,40.1364945,-75.176559
1422928376,27.2544604,-80.19617
1422928676,40.7442591,-74.07304139999999
1422928976,32.978467,35.5440198
1422929276,32.978467,35.5440198
1422929576,40.854045,-75.776571
1422929876,36.3636089,-82.308891
1422930176,40.3405697,-78.93417530000001
1422930476,40.3405697,-78.93417530000001
1422930776,40.4118372,-76.5034658
1422931076,39.3982538,-76.58373520000001
1422931376,19.1349572,72.81026749999999
1422931676,41.6214528,-78.8317528
1422931976,39.1091285,-94.5738667
1422932276,29.7377844,-95.7753135
1422932576,32.335334,-96.6286647
1422932876,19.5206925,-155.9204765
1422933176,39.3969477,-77.8756029
1422933476,39.4759825,-77.7460438
1422933776,40.4343197,-79.9613942
1422934076,53.5956855,-113.5366395
1422934376,38.6494018,-76.90603280000001
1422934676,42.9127704,-85.6451235
1422934976,25.1143331,-80.4168373
1422935276,38.985826,-74.9459445
1422935576,38.2229288,-82.4392783
1422935876,35.9967571,-75.6630059
1422936176,36.5556309,-82.53658249999999
1422936476,35.8787323,-84.5235624
1422936776,37.0831443,-76.4826948
1422937076,36.6376288,-93.0988109
1422937376,28.2836225,-81.4089597
1422937676,36.0719444,-75.6936111
1422937976,36.0719444,-75.6936111
1422938276,40.6603706,-76.6894161
1422938576,39.316866,-77.643091
1422938876,35.9605979,-83.9207421
1422939176,35.83197,-83.5675312
1422939476,55.6769382,12.6292553
1422939776,28.9187915,-81.92383100000001
1422940076,33.0668798,-85.0283417
1422940376,41.4417527,-75.369625
1422940676,42.2418589,-87.8261471
1422940976,28.3978938,-81.57082560000001
1422941276,43.3319482,-73.6772892
1422941576,28.7481457,-81.3683023
1422941876,45.3986851,-122.7348935
1422942176,41.4451008,-75.2611716
1422942476,9.0538764,-79.4634126
1422942776,9.0538764,-79.4634126
1422943076,40.3522438,-77.23438849999999
1422943376,40.3522438,-77.23438849999999
1422943676,38.924397,-76.870644
1422943976,42.7335191,-84.54046080000001
1422944276,36.109702,-115.1710603
1422944576,36.109702,-115.1710603
1422944876,39.0719229,-76.832093
1422945176,39.6431573,-78.7583171
1422945476,40.210093,-76.5478315
1422945776,40.210093,-76.5478315
1422946076,38.861219,-95.31667330000001
1422946376,34.5944838,-98.3765805
1422946676,39.2053115,-77.1408081
1422946976,43.7024519,-72.28679320000001
1422947276,40.360123,-76.4188319
1422947576,36.1179252,-86.4074425
1422947876,39.0969,-77.5312382
1422948176,40.435964,-75.97375599999999
1422948476,31.1851947,-92.92189260000001
1422948776,40.3648707,-111.8357076
1422949076,37.768884,-87.0944648
1422949376,39.9097534,-77.8218736
1422949676,40.2451983,-76.9048133
1422949976,40.2451983,-76.9048133
1422950276,38.88915,-94.8038865
1422950576,40.1260801,-74.8703172
1422950876,38.7462131,-75.1558015
1422951176,40.1571573,-76.8849549
1422951476,40.9686108,-76.89834810000001
1422951776,40.9686108,-76.89834810000001
1422952076,40.5817408,-77.52971460000001
1422952376,40.5817408,-77.52971460000001
1422952676,38.0328046,-84.4966769
1422952976,42.4310455,-71.2078403
1422953276,40.733878,-82.5342299
1422953576,40.3572892,-79.8295402
1422953876,40.401266,-80.0859481
1422954176,40.3167083,-79.3849812
1422954476,40.3380495,-76.79976069999999
1422954776,39.199558,-76.6784986
1422955076,39.199558,-76.6784986
1422955376,40.6260217,-80.5888618
1422955676,44.0891525,-69.9896682
1422955976,40.231125,-76.3421651
1422956276,40.231125,-76.3421651
1422956576,40.8378187,-74.15577570000001
1422956876,39.6318384,-78.39240169999999
1422957176,33.9164561,-78.721368
1422957476,34.7493334,-92.27938640000001
1422957776,40.3366946,-74.0400186
1422958076,39.7847773,-77.0820042
1422958376,43.0777293,-76.15934660000001
1422958676,43.0777293,-76.15934660000001
1422958976,40.580863,-76.9806212
1422959276,40.580863,-76.9806212
1422959576,40.580863,-76.9806212
1422959876,42.3878259,-83.346401
1422960176,28.3978938,-81.57082560000001
1422960476,41.1321678,-77.4708498
1422960776,41.0796503,-77.30124069999999
1422961076,39.9388433,-83.2869603
1422961376,40.326517,-73.986053
1422961676,40.7372742,-73.974248
1422961976,38.6280163,-75.1742314
1422962276,34.0566419,-118.3018803
1422962576,37.267929,-121.9534899
1422962876,38.2402994,-85.7672195
1422963176,42.3708529,-71.11831720000001
1422963476,40.0306101,-75.6335153
1422963776,40.0306101,-75.6335153
1422964076,31.3140138,-94.64245339999999
1422964376,33.5418991,-112.3662362
1422964676,40.538237,-76.714383
1422964976,30.2823147,-82.1143666
1422965276,38.7669445,-77.0680546
1422965576,32.701987,-83.651882
1422965876,30.451996,-88.87516960000001
1422966176,39.7850502,-75.0373453
1422966476,43.0787559,-89.38968439999999
1422966776,35.8590901,-77.89728580000001
1422967076,37.6293165,-77.7474922
1422967376,38.7717822,-77.5542966
1422967676,43.002602,-71.4753158
1422967976,40.2113201,-76.9793813
1422968276,40.1334224,-76.3805089
1422968576,37.1202385,-92.5745256
1422968876,40.4167712,-80.0651761
1422969176,37.7890947,-121.2031362
1422969476,35.9772226,-75.6479743
1422969776,46.8070832,-92.1756658
1422970076,39.9501125,-74.99961380000001
1422970376,40.394365,-77.9375831
1422970676,33.9521372,-84.6599069
1422970976,40.0401214,-76.3222684
1422971276,40.5738807,-83.1330912
1422971576,40.7732607,-80.2383499
1422971876,36.8951156,-79.286371
1422972176,39.9012373,-74.9210915
1422972476,44.445255,-95.82046800000001
1422972776,39.401932,-77.98458100000001
1422973076,39.401932,-77.98458100000001
1422973376,36.7045587,-79.69279640000001
1422973676,10.9419313,76.95193089999999
1422973976,38.7953472,-77.0011841
1422974276,40.3693678,-76.9647183
1422974576,40.3693678,-76.9647183
1422974876,40.7173215,-81.5222689
1422975176,-28.730617,24.767439
1422975476,36.891742,-80.7842387
1422975776,41.4989742,-81.3554549
1422976076,39.417888,-74.79873600000001
1422976376,40.635434,-77.27753199999999
1422976676,40.0306101,-75.6335153
1422976976,39.8925274,-79.8088489
1422977276,40.0371775,-78.00033879999999
1422977576,40.0371775,-78.00033879999999
1422977876,40.0371775,-78.00033879999999
1422978176,40.0371775,-78.00033879999999
1422978476,40.0371775,-78.00033879999999
1422978776,38.3647265,-78.75843860000001
1422979076,40.0151576,-74.6289682
1422979376,33.1767199,-96.5924443
1422979676,36.0640084,-79.68883889999999
1422979976,38.8885286,-77.18082
1422980276,38.8885286,-77.18082
1422980576,40.0371775,-78.00033879999999
1422980876,39.7821899,-76.9787491
1422981176,40.0306101,-75.6335153
1422981476,40.4992419,-77.7413818
1422981776,43.3569967,-4.5133667
1422982076,40.2119058,-76.9786671
1422982376,40.0306101,-75.6335153
1422982676,40.2405048,-76.8428665
1422982976,40.1967502,-76.9996512
1422983276,40.1967502,-76.9996512
1422983576,40.2119058,-76.9786671
1422983876,42.0088693,-80.3243556
1422984176,39.7362754,-75.9811079
1422984476,28.0569228,-80.6352172
1422984776,51.3892493,-0.7544674
1422985076,41.897612,-87.8777872
1422985376,35.1385664,-90.03358710000001
1422985676,35.1385664,-90.03358710000001
1422985976,37.4522042,-122.180051
1422986276,43.1726,-88.09910000000001
1422986576,41.378677,-79.881488
1422986876,39.9097534,-77.8218736
1422987176,39.9097534,-77.8218736
1422987476,32.3654278,-88.6964773
1422987776,39.0239928,-95.68718269999999
1422988076,41.4263858,-87.3623796
1422988376,25.8835648,-80.2130082
1422988676,43.5899494,-83.7464016
1422988976,41.0870354,-75.7746267
1422989276,43.9209745,-73.08649800000001
1422989576,39.4610772,-75.72048890000001
1422989876,39.5069186,-84.4071163
1422990176,40.2139057,-74.92959089999999
1422990476,40.2139057,-74.92959089999999
1422990776,37.651995,-77.531581
1422991076,40.9686108,-76.89834810000001
1422991376,41.0280267,-76.3089351
1422991676,40.5992444,-77.40600379999999
1422991976,40.5992444,-77.40600379999999
1422992276,40.8852892,-77.8163572
1422992576,38.9521421,-75.4257695
1422992876,40.5802255,-75.336203
1422993176,40.580863,-76.9806212
1422993476,40.6508021,-79.8149715
1422993776,39.0398762,-76.6743468
1422994076,9.0538764,-79.4634126
1422994376,41.1321678,-77.4708498
1422994676,38.5954829,-75.3033351
1422994976,38.5954829,-75.3033351
1422995276,46.404534,-61.098338
1422995576,38.5415073,-75.075992
1422995876,41.024417,-76.47684700000001
1422996176,41.0293603,-76.8849192
1422996476,38.7772445,-75.229079
1422996776,43.0388473,-87.9224351
1422997076,40.3868521,-78.8597104
1422997376,44.9883267,-93.47017889999999
1422997676,44.933189,-93.40986599999999
1422997976,41.4452197,-88.40746969999999
1422998276,15.476538,73.8110279
1422998576,15.476538,73.8110279
1422998876,46.8757113,-113.9350739
1422999176,35.6862058,-80.4709302
1422999476,39.5905965,-76.648792
1422999776,32.4849585,-92.1600966
1423000076,32.4849585,-92.1600966
1423000376,39.6826936,-75.0106279
1423000676,40.4165653,-79.8009141
1423000976,40.278907,-74.8494353
1423001276,39.8388705,-77.53650450000001
1423001576,39.8388705,-77.53650450000001
1423001876,41.6482909,-80.1454315
1423002176,40.2070192,-75.2715275
1423002476,41.2516181,-76.9791725
1423002776,41.5200505,-72.0583292
1423003076,39.9822738,-74.9281842
1423003376,35.5804599,-80.7957756
1423003676,41.8538132,-88.32110729999999
1423003976,45.961718,-74.301941
1423004276,39.6425616,-79.96363820000001
1423004576,39.6425616,-79.96363820000001
1423004876,35.1597667,-92.7396931
1423005176,39.8763268,-78.39195669999999
1423005476,41.3566103,-88.42842020000001
1423005776,40.1674617,-75.2654179
1423006076,33.6177248,-84.3626203
1423006376,39.6559975,-77.57053209999999
1423006676,45.3818294,-76.4500613
1423006976,38.9300509,-76.6357222
1423007276,38.3460961,-87.8281966
1423007576,41.0069741,-81.72972350000001
1423007876,40.1000907,-77.183037
1423008176,36.1219657,-86.40674559999999
1423008476,39.9555569,-74.9194722
1423008776,38.9925005,-80.08014470000001
1423009076,39.9835408,-75.19954920000001
1423009376,41.1371506,-75.3498065
1423009676,40.38333,-77.88333
1423009976,9.0538764,-79.4634126
1423010276,40.1106189,-76.714685
1423010576,33.7842543,-78.7730784
1423010876,40.1000907,-77.183037
1423011176,39.9931438,-74.78793930000001
1423011476,39.9931438,-74.78793930000001
1423011776,40.0306101,-75.6335153
1423012076,39.9931438,-74.78793930000001
1423012376,39.9931438,-74.78793930000001
1423012676,38.7203935,-78.6633499
1423012976,39.9835408,-75.19954920000001
1423013276,32.8118423,-79.8148052
1423013576,39.8768026,-75.4586738
1423013876,40.38333,-77.88333
1423014176,40.1658473,-85.35139390000001
1423014476,41.4173431,-76.49584419999999
1423014776,40.6496938,-111.9163816
1423015076,33.5641067,-79.0450838
1423015376,33.5641067,-79.0450838
1423015676,40.036221,-77.1760713
1423015976,39.4780876,-77.5396035
1423016276,33.7842543,-78.7730784
1423016576,33.7842543,-78.7730784
1423016876,35.9772226,-75.6479743
1423017176,40.478937,-78.82652880000001
1423017476,41.6180295,-88.1984915
1423017776,42.7628389,-71.50305729999999
1423018076,36.1661243,-86.7871947
1423018376,36.1661243,-86.7871947
1423018676,25.0158198,-77.38227089999999
1423018976,25.0158198,-77.38227089999999
1423019276,42.3000821,-71.3584386
1423019576,40.0863363,-80.0921676
1423019876,36.8605381,-94.38267569999999
1423020176,30.3142343,-81.4046424
1423020476,-34.7756404,-58.3102081
1423020776,43.3569967,-4.5133667
1423021076,40.1073263,-82.82590740000001
1423021376,39.6362867,-75.65913329999999
1423021676,40.4128611,-77.2413722
1423021976,40.4128611,-77.2413722
1423022276,40.4128611,-77.2413722
1423022576,40.4128611,-77.2413722
1423022876,41.7277501,-72.82708390000001
1423023176,40.689391,-73.7097267
1423023476,40.0921585,-77.5375815
1423023776,40.0921585,-77.5375815
1423024076,39.6699132,-75.5607375
1423024376,40.9853914,-80.34269089999999
1423024676,37.2273636,-80.4093274
1423024976,40.2199121,-76.8627271
1423025276,40.2199121,-76.8627271
1423025576,40.2199121,-76.8627271
1423025876,40.2199121,-76.8627271
1423026176,40.0995423,-76.0657819
1423026476,40.113852,-75.32712909999999
1423026776,41.2953279,-75.8692073
1423027076,40.2096266,-77.0634458
1423027376,40.4928033,-77.177751
1423027676,33.570435,-85.04929
1423027976,29.9209255,-90.08797250000001
1423028276,39.784912,-75.97321650000001
1423028576,36.9459108,-76.32267469999999
1423028876,43.3259404,-72.1691919
1423029176,40.43901,-77.063396
1423029476,40.43901,-77.063396
1423029776,35.9816641,-83.1909065
1423030076,41.87885,-71.3542668
1423030376,-34.7756404,-58.3102081
1423030676,41.8202651,-93.045798
1423030976,42.3192292,-71.20540370000001
1423031276,39.9776517,-75.4334307
1423031576,40.0194633,-75.4269951
1423031876,40.661471,-75.679328
1423032176,40.2033205,-77.211417
1423032476,40.2033205,-77.211417
1423032776,43.0932674,-75.31789740000001
1423033076,43.0932532,-75.319615
1423033376,43.0932532,-75.319615
1423033676,26.5525816,-81.88973729999999
1423033976,43.1048508,-79.19816059999999
1423034276,43.090992,-79.052395
1423034576,43.0863282,-79.0690467
1423034876,35.1518844,33.3749452
1423035176,35.1518844,33.3749452
1423035476,33.7842543,-78.7730784
1423035776,33.7842543,-78.7730784
1423036076,41.3372146,-71.99175200000001
1423036376,-23.0330843,-43.4852586
1423036676,33.7430054,-84.4144012
1423036976,36.9459108,-76.32267469999999
1423037276,40.484824,-88.9807424
1423037576,39.9077795,-79.69126489999999
1423037876,35.1831483,-97.4572589
1423038176,40.1849614,-75.2260651
1423038476,40.566557,-84.18314030000001
1423038776,39.0045875,-77.101208
1423039076,42.1268683,-87.8987192
1423039376,32.9771948,-80.05419089999999
1423039676,39.5942811,-75.96930140000001
1423039976,26.5847071,-81.8634132
1423040276,40.015773,-75.1407725
1423040576,36.109702,-115.1710603
1423040876,33.7842543,-78.7730784
1423041176,41.1327619,-100.6983121
1423041476,36.3863723,-112.1312841
1423041776,40.598316,-111.95176
1423042076,40.9500538,-76.6419604
1423042376,43.3569967,-4.5133667
1423042676,40.595508,-74.1422202
1423042976,40.3572892,-79.8295402
1423043276,41.8545769,-87.97651999999999
1423043576,19.2822498,-81.3783329
1423043876,44.4540032,-64.32278220000001
1423044176,40.9853914,-80.34269089999999
1423044476,41.460989,-82.18533499999999
1423044776,29.1785629,-82.1527287
1423045076,38.4312048,-75.058572
1423045376,38.4312048,-75.058572
1423045676,38.4312048,-75.058572
1423045976,39.2633599,-74.6055034
1423046276,38.5415073,-75.075992
1423046576,39.1802374,-74.7295123
1423046876,46.1846651,-119.1287635
1423047176,41.2493886,-111.9750283
1423047476,41.4989742,-81.3554549
1423047776,35.7970428,-96.8529779
1423048076,38.8885155,-94.80504259999999
1423048376,41.2549998,-95.9786222
1423048676,12.5177427,-70.03634099999999
1423048976,40.2428588,-77.89305280000001
1423049276,40.8695878,-73.7973336
1423049576,40.8695878,-73.7973336
1423049876,44.8035217,-95.12524329999999
1423050176,41.6362317,-83.51751779999999
1423050476,28.4351537,-81.47302910000001
1423050776,29.300556,-81.11361100000001
1423051076,40.0525492,-77.5547366
1423051376,39.862574,-77.35409
1423051676,39.3222451,-94.9257963
1423051976,40.6965774,-73.7666974
1423052276,37.7474307,-87.1184593
1423052576,39.4133171,-76.7888947
1423052876,33.6006774,-85.8572353
1423053176,34.2866156,-93.2206257
1423053476,37.0870774,-88.5939932
1423053776,37.8183509,-82.78365100000001
1423054076,27.1906228,-80.2435613
1423054376,40.4645212,-79.1806263
1423054676,27.5358495,-82.5077804
1423054976,40.2261539,-76.5124103
1423055276,37.4393906,-122.134701
1423055576,40.9804273,-74.0886612
1423055876,27.5845855,-82.17648010000001
1423056176,40.8758061,-74.4226366
1423056476,39.1558806,-76.6167943
1423056776,30.3638,-89.2495
1423057076,40.8495041,-74.1139412
1423057376,33.437668,-79.1175422
1423057676,43.3569967,-4.5133667
1423057976,34.256668,-111.339722
1423058276,41.2613726,-78.67223370000001
1423058576,39.8914235,-75.09616
1423058876,40.857832,-77.251482
1423059176,40.857832,-77.251482
1423059476,40.2108475,-74.81835820000001
1423059776,39.5615058,-76.0682776
1423060076,32.4094937,-85.0492754
1423060376,40.1320188,-75.5151055
1423060676,40.1507349,-75.0106254
1423060976,40.1507349,-75.0106254
1423061276,40.898049,-78.2242443
1423061576,40.6744824,-75.15608
1423061876,43.820638,-69.81476840000001
1423062176,11.5832142,104.9214628
1423062476,33.5808741,-112.1037621
1423062776,40.129483,-75.53201079999999
1423063076,35.83197,-83.5675312
1423063376,35.83197,-83.5675312
1423063676,39.3652713,-76.72368609999999
1423063976,40.5259227,-76.4557932
1423064276,41.1077479,-79.3090977
1423064576,40.2168473,-80.2120226
1423064876,40.2168473,-80.2120226
1423065176,41.1077479,-79.3090977
1423065476,42.4512003,-73.23527989999999
1423065776,41.3968016,-75.6678134
1423066076,41.3097893,-75.7932019
1423066376,39.7482155,-86.2447648
1423066676,40.2057377,-77.2851288
1423066976,33.0435248,-96.837447
1423067276,26.5507137,-82.1970537
1423067576,26.5507137,-82.1970537
1423067876,40.2567433,-77.2484173
1423068176,40.0425693,-74.9928372
1423068476,40.4139473,-78.0873117
1423068776,39.4345432,-74.5116371
1423069076,40.5207289,-79.83415410000001
1423069376,54.5090568,18.5390599
1423069676,40.1128973,-75.2775103
1423069976,40.1128973,-75.2775103
1423070276,43.7789468,-71.7537648
1423070576,38.3453986,-75.6071972
1423070876,30.2277316,-81.38620969999999
1423071176,32.1294517,-81.2581672
1423071476,41.7659798,-78.0315665
1423071776,26.9623407,-82.11296040000001
1423072076,43.7163721,-68.17530120000001
1423072376,45.5156629,-122.6786762
1423072676,45.5156629,-122.6786762
1423072976,28.2350102,-82.717878
1423073276,40.1702536,-79.8002558
1423073576,43.0744102,-70.7805188
1423073876,36.9459108,-76.32267469999999
1423074176,32.145178,-81.154712
1423074476,40.5733318,-76.67577439999999
1423074776,37.4795268,-78.1372509
1423075076,49.7159094,13.1737577
1423075376,34.5484248,-112.4590278
1423075676,38.5852778,-77.3797222
1423075976,41.8254691,-71.40388849999999
1423076276,43.5474868,-76.1900632
1423076576,39.1846403,-77.69764910000001
1423076876,40.435276,-75.38194300000001
1423077176,39.8574879,-76.124833
1423077476,39.153722,-76.683725
1423077776,40.3273036,-76.42625529999999
1423078076,40.2109555,-76.9791836
1423078376,37.503056,-77.125557
1423078676,38.536995,-121.224147
1423078976,42.3719102,-71.1171195
1423079276,39.2537864,-77.8119009
1423079576,37.9423383,-79.2743332
1423079876,44.0817627,-103.2354784
1423080176,44.0817627,-103.2354784
1423080476,41.7946419,-107.2363598
1423080776,39.3582397,-94.159381
1423081076,40.3092322,-75.9254193
1423081376,40.2291834,-76.1186744
1423081676,40.8886522,-72.536011
1423081976,49.6638547,-116.4861306
1423082276,40.1031113,-75.02983020000001
1423082576,33.8283664,-118.3856246
1423082876,37.4527864,-122.2693085
1423083176,40.5903054,-76.2126572
1423083476,49.0134017,12.0899949
1423083776,38.7128125,-75.0997399
1423084076,38.7106742,-75.10129190000001
1423084376,38.7106742,-75.10129190000001
1423084676,51.9271557,8.569401900000001
1423084976,39.3720016,-76.72070549999999
1423085276,38.9640727,-77.38963889999999
1423085576,38.9640727,-77.38963889999999
1423085876,40.0002242,-82.8103582
1423086176,32.9459362,-96.733608
1423086476,44.9342569,-93.3082912
1423086776,39.9567221,-75.2601875
1423087076,46.2772367,-119.2736737
1423087376,39.6311583,-86.12175240000001
1423087676,37.5008641,-77.4724811
1423087976,37.5008641,-77.4724811
1423088276,41.4185305,-78.7969027
1423088576,38.9918541,-74.8372626
1423088876,45.9329541,-66.604298
1423089176,29.552434,-81.6838226
1423089476,38.536995,-121.224147
1423089776,42.492926,-83.15750749999999
1423090076,36.461698,-77.647418
1423090376,37.009175,-79.723862
1423090676,44.0260106,-92.42561790000001
1423090976,40.6728164,-74.7830589
1423091276,34.9179092,-81.0138585
1423091576,43.179359,-72.470528
1423091876,28.298261,-80.7204022
1423092176,39.0768283,-77.1606292
1423092476,35.8549999,-77.8930589
1423092776,35.8549999,-77.8930589
1423093076,35.382999,-80.8742829
1423093376,41.6726164,-86.6137153
1423093676,41.8343041,12.6602196
1423093976,34.2605664,-85.1672404
1423094276,9.0538764,-79.4634126
1423094576,39.3100478,-76.4688819
1423094876,42.354925,-88.11552
1423095176,40.6951595,-73.70890970000001
1423095476,38.2256185,-78.3672723
1423095776,40.955252,-73.7284684
1423096076,43.4226923,-83.95654999999999
1423096376,29.859062,-81.282033
1423096676,40.0834517,-80.8782329
1423096976,38.661945,-90.6511079
1423097276,38.661945,-90.6511079
1423097576,39.9956442,-75.23963379999999
1423097876,31.8407454,35.2460879
1423098176,40.8940665,-80.86374600000001
1423098476,40.8940665,-80.86374600000001
1423098776,44.7455297,-122.0116961
1423099076,37.2917597,-80.0458908
1423099376,37.2917597,-80.0458908
1423099676,39.0164359,-97.7723661
1423099976,38.3731119,-75.59332089999999
1423100276,38.3731119,-75.59332089999999
1423100576,-28.746657,24.7766141
1423100876,40.6373739,-111.9144292
1423101176,40.6497023,-111.9162466
1423101476,40.6373739,-111.9144292
1423101776,29.8223032,-97.9873228
1423102076,45.4470653,-73.4741006
1423102376,45.6794608,-74.757041
1423102676,28.8227777,-81.2633333
1423102976,37.721513,-122.4797394
1423103276,37.721513,-122.4797394
1423103576,45.6866283,-74.7514111
1423103876,45.6866283,-74.7514111
1423104176,29.8223032,-97.9873228
1423104476,49.2442958,-124.7876639
1423104776,15.4290518,-88.0039001
1423105076,48.479031,-123.311547
1423105376,37.7490651,-121.9565541
1423105676,33.8012596,-117.8399934
1423105976,33.9462296,-118.0962006
1423106276,49.1482845,-122.9298028
1423106576,28.1593604,-80.58599630000001
1423106876,32.0554348,-81.05576809999999
1423107176,40.7807416,-77.8636956
1423107476,43.635747,-70.4999395
1423107776,40.4556813,-76.1440073
1423108076,42.0283079,-88.0579302
1423108376,40.652716,-73.93373099999999
1423108676,52.3105386,4.7682744
1423108976,43.8594969,-73.742436
1423109276,39.8511071,-76.2167405
1423109576,33.4596902,-111.9264201
1423109876,45.3688,-63.168407
1423110176,41.3617473,-75.6713014
1423110476,41.3617473,-75.6713014
1423110776,40.6769668,-73.46019149999999
1423111076,39.1554723,-74.689717
1423111376,47.6030288,-122.3360346
1423111676,9.745457399999999,-63.1843793
1423111976,32.4624893,-110.9582561
1423112276,42.2277054,-73.43144770000001
1423112576,38.5067783,-75.2354112
1423112876,40.7990075,-76.871354
1423113176,40.8088916,-76.8569724
1423113476,40.8088916,-76.8569724
1423113776,35.533493,-78.2636096
1423114076,39.6975626,-79.1539386
1423114376,39.0634186,-76.5332944
1423114676,35.83197,-83.5675312
1423114976,40.084,-77.8705205
1423115276,40.084,-77.8705205
1423115576,40.2391724,-76.08305
1423115876,40.8088916,-76.8569724
1423116176,38.9336564,-76.6120026
1423116476,35.1769665,-78.86103249999999
1423116776,35.3184939,-96.9183462
1423117076,44.359501,-73.2273488
1423117376,39.4312794,-77.82433109999999
1423117676,39.4312794,-77.82433109999999
1423117976,37.6262802,-85.7407657
1423118276,29.3862064,-98.6172941
1423118576,33.8741139,-96.89956119999999
1423118876,40.3207722,-77.1647713
1423119176,40.3207722,-77.1647713
1423119476,40.3207722,-77.1647713
1423119776,40.3207722,-77.1647713
1423120076,40.3142916,-78.9167151
1423120376,39.9624776,-77.3677759
1423120676,39.9624776,-77.3677759
1423120976,40.0544198,-77.4637436
1423121276,40.0544198,-77.4637436
1423121576,39.8409974,-77.2586677
1423121876,40.1961222,-76.9807156
1423122176,40.2978576,-77.87416349999999
1423122476,40.2978576,-77.87416349999999
1423122776,39.7363039,-76.702653
1423123076,47.6804008,-122.6585629
1423123376,38.9896885,-77.0289861
1423123676,43.5382482,-96.7297114
1423123976,40.1780165,-75.4587258
1423124276,36.6726254,-77.55095970000001
1423124576,42.0790944,-87.7362928
1423124876,30.2837165,-89.77378659999999
1423125176,38.9924282,-76.9474226
1423125476,39.6838812,-77.5744119
1423125776,40.4755335,-80.0226929
1423126076,40.8820233,-73.2206999
1423126376,39.2950105,-75.6207802
1423126676,33.9317631,-84.5103398
1423126976,35.9433494,-86.437478
1423127276,34.5534474,-77.4403085
1423127576,43.0867077,-76.8699429
1423127876,43.2737371,-76.9747473
1423128176,40.7590066,-81.38701039999999
1423128476,40.0409308,-79.1056476
1423128776,39.3159515,-74.6044055
1423129076,43.2162202,-70.8811266
1423129376,42.416545,-71.161002
1423129676,40.3236218,-75.29814
1423129976,34.9864063,-90.0179547
1423130276,42.5083778,-72.6724251
1423130576,36.3128098,-78.3906279
1423130876,42.247782,-83.16782600000001
1423131176,41.0922123,-75.9381369
1423131476,40.1343134,-75.4258639
1423131776,27.7616216,-82.7348004
1423132076,40.5548258,-74.4198736
1423132376,43.7163721,-68.17530120000001
1423132676,45.2280354,-94.9310499
1423132976,45.2280354,-94.9310499
1423133276,40.712196,-74.3869596
1423133576,39.9518307,-83.8310194
1423133876,39.8858287,-75.3063471
1423134176,37.0462564,-78.359449
1423134476,41.6265906,-79.6797938
1423134776,40.0470908,-75.846599
1423135076,32.960441,-97.6827183
1423135376,30.1634704,-95.46307830000001
1423135676,30.1634704,-95.46307830000001
1423135976,42.025713,-88.058216
1423136276,37.8639368,-82.8014264
1423136576,53.9665895,-0.9925862
1423136876,44.2106488,-114.9339701
1423137176,29.9514081,-82.1007721
1423137476,40.8558806,-77.84384059999999
1423137776,40.8558806,-77.84384059999999
1423138076,40.8558806,-77.84384059999999
1423138376,40.88729,-80.5189925
1423138676,36.1641825,-81.126766
1423138976,29.8854534,-81.2884809
1423139276,38.2018013,-79.1211727
1423139576,40.2648222,-76.890398
1423139876,39.0573304,-78.18798769999999
1423140176,39.0125261,-77.39360619999999
1423140476,9.0055703,-79.5861864
1423140776,33.2733044,-80.5722804
1423141076,33.2733044,-80.5722804
1423141376,47.8194486,-69.900353
1423141676,38.661945,-90.6511079
1423141976,40.24015,-75.26723
1423142276,40.24015,-75.26723
1423142576,40.7581004,-75.2687499
1423142876,39.0037129,-74.79881930000001
1423143176,39.0037129,-74.79881930000001
1423143476,41.3519169,-71.88840570000001
1423143776,41.1510921,-81.3734315
1423144076,40.0252433,-79.05243489999999
1423144376,44.9621166,-93.06543259999999
1423144676,27.82065,-82.770931
1423144976,27.966204,-82.55045800000001
1423145276,38.9878496,-78.3497053
1423145576,41.269785,-81.87094399999999
1423145876,41.0359509,-75.1581863
1423146176,40.9869629,-75.19973969999999
1423146476,40.9869629,-75.19973969999999
1423146776,40.9869629,-75.19973969999999
1423147076,37.721513,-122.4797394
1423147376,40.9169416,-74.6417584
1423147676,38.2223323,-80.8906537
1423147976,47.2055892,-122.2395738
1423148276,40.9131416,-76.73302219999999
1423148576,37.3815305,-122.0376235
1423148876,30.5995114,-98.4096844
1423149176,33.7842543,-78.7730784
1423149476,33.7842543,-78.7730784
1423149776,33.7842543,-78.7730784
1423150076,43.5449154,-80.2439912
1423150376,40.3108344,-76.6488693
1423150676,38.9583512,-93.4252099
1423150976,40.2364629,-79.8973051
1423151276,39.3488445,-76.9619134
1423151576,43.0622429,-76.15447260000001
1423151876,48.1759785,-122.5295356
1423152176,38.8448455,-104.757524
1423152476,56.9918261,12.4376126
1423152776,36.7971116,-75.9938851
1423153076,36.7971116,-75.9938851
1423153376,49.3499239,-123.0836775
1423153676,38.370033,-81.74079500000001
1423153976,27.9517019,-82.25282
1423154276,36.583588,-80.779662
1423154576,57.1449484,14.3975412
1423154876,27.655556,-80.41794400000001
1423155176,40.5207289,-79.83415410000001
1423155476,41.4261973,1.8532979
1423155776,38.886743,-77.24313290000001
1423156076,28.248133,-80.729202
1423156376,36.7971116,-75.9938851
1423156676,36.7971116,-75.9938851
1423156976,36.7971116,-75.9938851
1423157276,40.0041894,-87.3566513
1423157576,21.5025673,-158.078876
1423157876,41.6185154,-90.7809115
1423158176,39.1842989,-77.2762445
1423158476,39.1561769,-77.21668099999999
1423158776,37.8973297,-75.44963250000001
1423159076,40.1884346,-77.2060955
1423159376,39.7162901,-78.1810953
1423159676,40.6678409,-80.0262737
1423159976,41.8443731,-79.1583414
1423160276,38.3560084,-77.51121070000001
1423160576,40.9235245,-75.1000196
1423160876,41.725903,-71.43594
1423161176,38.7953472,-77.0011841
1423161476,38.7953472,-77.0011841
1423161776,40.1260901,-78.0594152
1423162076,43.971544,-75.8975985
1423162376,43.971544,-75.8975985
1423162676,42.1680233,-86.2618071
1423162976,44.9425455,-89.6233476
1423163276,34.9714959,-85.2475484
1423163576,36.0038232,-77.7561462
1423163876,41.5903977,-75.400555
1423164176,39.9502286,-75.6011219
1423164476,39.9502286,-75.6011219
1423164776,40.0939001,-76.5185269
1423165076,40.0939001,-76.5185269
1423165376,40.0939001,-76.5185269
1423165676,38.0005249,-78.851905
1423165976,37.8070508,-92.22824300000001
1423166276,32.7423031,-97.7832172
1423166576,35.5292628,-95.1171813
1423166876,44.5630563,-76.0228537
1423167176,43.3469321,-70.730148
1423167476,40.0280849,-76.96210139999999
1423167776,38.7816152,-90.8943967
1423168076,28.1782313,-82.3459869
1423168376,40.0306101,-75.6335153
1423168676,41.5418843,-94.07875319999999
1423168976,41.7615936,-72.70841129999999
1423169276,40.890017,-82.32352090000001
1423169576,43.4906268,-75.3696539
1423169876,35.138536,-90.230726
1423170176,35.138536,-90.230726
1423170476,39.6063813,-77.00276940000001
1423170776,40.7602943,-73.95208359999999
1423171076,32.6790282,-97.4160723
1423171376,41.4982441,-84.41434099999999
1423171676,42.4705365,-72.614683
1423171976,38.7327166,-93.55343689999999
1423172276,39.0722415,-76.00286440000001
1423172576,36.1334337,-83.40064289999999
1423172876,38.6971895,-76.8779603
1423173176,33.9004622,-98.4780676
1423173476,37.5348571,-97.26965199999999
1423173776,35.7899512,-88.37739379999999
1423174076,39.0037129,-74.79881930000001
1423174376,39.0037129,-74.79881930000001
1423174676,41.2586317,-75.8583603
1423174976,41.2586317,-75.8583603
1423175276,41.2976009,-75.8542724
1423175576,35.939566,-81.4830333
1423175876,41.1077479,-79.3090977
1423176176,37.2808285,-76.68888889999999
1423176476,37.2808285,-76.68888889999999
1423176776,38.35033,-75.599119
1423177076,41.2516181,-76.9791725
1423177376,42.985564,-78.7934058
1423177676,39.7243819,-75.54422030000001
1423177976,34.2324305,-77.8270538
1423178276,42.8548264,-72.818889
1423178576,35.7441223,-77.9301782
1423178876,39.1426557,-78.2118522
1423179176,39.1426557,-78.2118522
1423179476,40.45529,-104.9165776
1423179776,41.9290074,-72.6303254
1423180076,28.0652684,-81.7526797
1423180376,38.35033,-75.599119
1423180676,42.416545,-71.161002
1423180976,39.383436,-77.070258
1423181276,37.1676412,-76.5453146
1423181576,45.1449859,-122.5663316
1423181876,39.5094064,-77.279764
1423182176,40.8738193,-111.9037995
1423182476,37.497497,-77.49208900000001
1423182776,40.2451983,-76.9048133
1423183076,39.7975162,-84.0522364
1423183376,40.0720501,-74.65521889999999
1423183676,36.0090941,-75.6569125
1423183976,34.9531013,127.7005256
1423184276,43.3569967,-4.5133667
1423184576,-34.7756404,-58.3102081
1423184876,36.933084,-81.00434300000001
1423185176,39.959201,-76.7516799
1423185476,39.959201,-76.7516799
1423185776,34.9920612,-80.93431959999999
1423186076,39.5469726,-82.3960301
1423186376,28.229756,-82.16345099999999
1423186676,40.0939001,-76.5185269
